0.067796454,0.19238,0.31648484,0.39781243,0.45152447,0.48717248,0.5108846,0.52665013,0.5370944,0.5439596,0.54840946,0.551226,0.5529375,0.5539022,0.55436426,-2.505835e-07
0.07531896,0.19413745,0.316965,0.3979604,0.45156044,0.4871691,0.51086897,0.5266328,0.5370791,0.54394734,0.5484002,0.5512194,0.552933,0.55389935,0.55436265,-3.300673e-06
0.13276021,0.21157524,0.32221887,0.3997041,0.4520431,0.487179,0.5107166,0.5264444,0.5369041,0.54380226,0.5482875,0.5511362,0.5528746,0.553861,0.55434006,0.5544786
0.22004387,0.25382313,0.3372703,0.4052126,0.45377663,0.4873791,0.51033276,0.52589023,0.536356,0.54332817,0.54790664,0.5508461,0.5526647,0.5537184,0.5542517,0.55442965
0.2957611,0.3094298,0.36244044,0.41563013,0.45746624,0.48805144,0.5097336,0.52484685,0.53525245,0.54233146,0.54707754,0.5501951,0.5521795,0.55337787,0.55403155,0.554298
0.34815997,0.35897866,0.39157757,0.42956546,0.46294835,0.48924005,0.5089144,0.5232271,0.53344804,0.5406394,0.54562527,0.54902196,0.551281,0.55272865,0.553596,0.5540212
0.37638712,0.391146,0.41562226,0.44288704,0.4685592,0.49027982,0.50756586,0.5208265,0.5307579,0.53806686,0.54336745,0.547156,0.549818,0.5516442,0.55284524,0.55351996
0.38233158,0.4029282,0.4276236,0.45039007,0.47129485,0.48956484,0.5048211,0.5171363,0.5268386,0.5343471,0.5400777,0.54439914,0.54761875,0.5499804,0.5516626,0.55269873
0.3695313,0.39578894,0.42477697,0.4481109,0.4679174,0.48489076,0.49927545,0.5112655,0.52110237,0.5290656,0.5354419,0.54050034,0.5444777,0.54756916,0.5499136,0.55144644
0.3429194,0.37364045,0.4079567,0.4346737,0.45631582,0.47429252,0.4893913,0.50209576,0.5127535,0.52165025,0.529037,0.53513646,0.54014194,0.5442111,0.5474422,0.54963696
0.3080313,0.34157184,0.38042197,0.41126323,0.43625152,0.4568661,0.4741054,0.48865047,0.500983,0.5114612,0.520365,0.52792025,0.5343099,0.53967226,0.5440694,0.54712987
0.26991582,0.30462632,0.34637827,0.38070458,0.40919602,0.43307647,0.45327413,0.4704893,0.48525193,0.49796766,0.5089512,0.518449,0.52665144,0.53369045,0.5395945,0.54377204
0.23236434,0.26687744,0.3097765,0.34631285,0.37757844,0.4044687,0.42771307,0.4479029,0.46551615,0.48093852,0.4944804,0.5063892,0.5168541,0.52599657,0.53380275,0.5394013
0.1977167,0.23105945,0.27362952,0.3110178,0.34395844,0.37307084,0.39887822,0.42182243,0.44227618,0.46055284,0.4769136,0.4915712,0.50468713,0.5163505,0.52648205,0.533852
0.1670918,0.19866706,0.23985064,0.2769494,0.31046882,0.3408379,0.36842257,0.3935358,0.41644552,0.4373803,0.45653233,0.47405693,0.49006385,0.5045855,0.51744634,0.5269648
0.14077066,0.17027739,0.20941715,0.24540104,0.27859813,0.3093214,0.33783737,0.3643736,0.38912413,0.41225293,0.4338948,0.45415205,0.473081,0.4906491,0.50656396,0.5185988
0.03725835,0.10566293,0.17449328,0.22085881,0.25275394,0.27501,0.2906716,0.30172774,0.30951706,0.31496206,0.3187111,0.32122672,0.32284293,0.32380322,0.32428628,-2.23618e-07
0.041414782,0.10664645,0.17477773,0.22095783,0.25278652,0.27501622,0.29066736,0.30172,0.30950877,0.3149546,0.31870493,0.32122195,0.32283947,0.32380092,0.32428497,0.32442355
0.07334402,0.116464,0.17789795,0.22211388,0.25319716,0.2751164,0.29063755,0.3016411,0.3094183,0.3148696,0.3186326,0.32116446,0.32279667,0.32377145,0.32426703,0.3244148
0.12249848,0.14050291,0.18689145,0.2257446,0.25460228,0.2755322,0.29061106,0.30143085,0.3091502,0.31460467,0.3183989,0.320973,0.3226496,0.32366636,0.32419917,0.32437685
0.16637631,0.1727929,0.20214951,0.23264496,0.25752828,0.2765321,0.29068413,0.30108345,0.3086442,0.3140753,0.3179136,0.3205623,0.3223238,0.32342473,0.32403454,0.32427454
0.19875145,0.20286788,0.22041765,0.24213341,0.2619601,0.27821493,0.29092464,0.30061206,0.30786836,0.3132203,0.3171005,0.31985208,0.32174245,0.32297775,0.3237147,0.32405818
0.21928814,0.22464144,0.23679757,0.2519669,0.26699793,0.2802371,0.2911948,0.29994145,0.30675668,0.3119669,0.315879,0.31875765,0.32082167,0.32224667,0.3231684,0.32366264
0.22879227,0.2363756,0.24745543,0.25925362,0.27094367,0.28167295,0.2909897,0.29877874,0.30511758,0.31017002,0.31412524,0.3171664,0.31945696,0.32113492,0.32230768,0.32300583
0.22845908,0.23834842,0.250567,0.26163512,0.27187097,0.28118286,0.28943035,0.29655024,0.30256486,0.30755472,0.3116297,0.31490824,0.31750402,0.319517,0.32102194,0.3219867
0.21990326,0.2317921,0.24598622,0.25794092,0.26832372,0.27745512,0.28548148,0.2924845,0.29853356,0.3037037,0.30807665,0.31173655,0.31476387,0.31722826,0.31917253,0.32048383
0.20515977,0.21854463,0.23472442,0.24824463,0.25975055,0.2696764,0.27830845,0.28583956,0.29240817,0.2981223,0.30307245,0.30733714,0.31098357,0.31406304,0.31659067,0.31835547
0.18647438,0.20076968,0.21848649,0.2335786,0.24654742,0.25778228,0.2675808,0.2761694,0.28372145,0.2903721,0.29622874,0.3013765,0.305882,0.3097874,0.31308398,0.31544352
0.16597137,0.18060946,0.199223,0.21550266,0.22979979,0.24240814,0.2535712,0.2634895,0.2723275,0.28021955,0.28727502,0.29358053,0.29920077,0.30416963,0.30845323,0.31158242
0.14537174,0.15987596,0.17874297,0.195672,0.21089886,0.22462748,0.2370339,0.24826962,0.25846446,0.26772875,0.27615505,0.2838168,0.2907671,0.29702386,0.30251962,0.3066152
0.12586729,0.13988614,0.15847,0.17551969,0.191195,0.20563535,0.21896252,0.23128277,0.24268852,0.25325924,0.2630615,0.272147,0.28054696,0.28825438,0.29515678,0.30040854
0.10814552,0.121452294,0.1393642,0.15610214,0.17178097,0.18650097,0.2003496,0.21340317,0.22572762,0.23737887,0.24840212,0.2588287,0.26866847,0.27788684,0.2863196,0.29288265
0.023874747,0.06605096,0.106244914,0.13205153,0.14924835,0.16102731,0.16925208,0.17506404,0.1791915,0.18211588,0.18416528,0.18556935,0.18649243,0.18705444,0.18734436,-1.549373e-07
0.026420146,0.06661563,0.10639622,0.13210133,0.14926407,0.16103017,0.16925,0.17506029,0.17918746,0.18211216,0.18416214,0.18556686,0.18649057,0.18705317,0.18734363,0.18742871
0.045689348,0.0722427,0.10806882,0.13269143,0.14946732,0.16107932,0.16923618,0.17502262,0.17914358,0.18207017,0.18412557,0.18553707,0.18646781,0.18703713,0.18733364,0.18742384
0.07475367,0.0859584,0.11292784,0.13457423,0.1501792,0.16129114,0.16922933,0.17492461,0.179015,0.18194032,0.18400845,0.18543881,0.18639044,0.18698047,0.18729626,0.18740271
0.100254394,0.104259074,0.121223666,0.13820484,0.15169239,0.16181408,0.1692853,0.1747684,0.17877513,0.18168272,0.18376675,0.1852294,0.18622026,0.18685107,0.18720588,0.1873453
0.11898407,0.12125041,0.13121755,0.14326477,0.15402657,0.16271281,0.16944484,0.17456324,0.17840879,0.18126664,0.1833616,0.18486719,0.18591647,0.18661131,0.18702932,0.18722212
0.13112271,0.13369557,0.14028919,0.1485936,0.15673076,0.16381602,0.16963468,0.1742638,0.17787416,0.18064699,0.18274441,0.18430194,0.18542941,0.18621393,0.1867228,0.18699205
0.13732873,0.14079185,0.14641142,0.15266815,0.1589149,0.16463181,0.16957468,0.17369556,0.177048,0.1797256,0.18183005,0.1834565,0.18468796,0.18559346,0.18622632,0.18659893
0.13828517,0.1427282,0.14860633,0.15421873,0.15954043,0.16442792,0.16876842,0.17251723,0.17568524,0.1783164,0.18046938,0.18220605,0.18358469,0.18465587,0.18545693,0.185968
0.13474035,0.14006922,0.14671433,0.15255451,0.15777947,0.16245973,0.16661723,0.17026639,0.17342997,0.17614105,0.17843951,0.18036774,0.18196653,0.18327124,0.18430364,0.18500319
0.12758635,0.13361639,0.14112195,0.1475935,0.1532461,0.15822195,0.16261436,0.16648817,0.16989358,0.17287377,0.17546807,0.17771281,0.17964034,0.18127605,0.18262812,0.18358773
0.11785073,0.124350056,0.13257596,0.13974905,0.14604434,0.15159927,0.15652038,0.16089058,0.16477546,0.16822825,0.17129304,0.1740067,0.1763989,0.17848936,0.18027459,0.18158995
0.10659606,0.11332266,0.1220144,0.12975597,0.1366722,0.14286925,0.1484366,0.15344937,0.1579705,0.16205268,0.16573974,0.16906767,0.17206377,0.17474292,0.17709005,0.17887603
0.09478506,0.10151945,0.110393696,0.1184753,0.12584864,0.13258788,0.13875815,0.14441639,0.14961228,0.15438874,0.15878233,0.16282304,0.16653246,0.16991834,0.17295153,0.17532831
0.08317781,0.08974456,0.09854578,0.10672265,0.114332564,0.12142641,0.12804934,0.13424137,0.1400379,0.14546984,0.15056355,0.15534006,0.15981257,0.16397905,0.16779335,0.17086624
0.072292745,0.07856822,0.08709769,0.09515671,0.10278692,0.110025324,0.11690481,0.123454586,0.12970047,0.1356649,0.14136665,0.14681965,0.15202998,0.15698658,0.16162589,0.16546409
0.01739744,0.04663178,0.072459854,0.0878218,0.09743846,0.10370127,0.107904,0.11078586,0.112789035,0.1141888,0.115162626,0.11582865,0.11626777,0.11653691,0.11667706,-1.0388536e-07
0.019144885,0.04698481,0.072542444,0.08784516,0.09744428,0.10370132,0.107902214,0.11078364,0.112786904,0.11418695,0.115161106,0.115827456,0.116266884,0.1165363,0.116676696,0.11671826
0.03210343,0.050490025,0.0734664,0.08813143,0.09752658,0.10371163,0.10788709,0.11076091,0.11276364,0.11416594,0.115143344,0.11581318,0.116256,0.11652857,0.11667184,0.116715826
0.051044483,0.058955066,0.07617946,0.08907405,0.097837135,0.10377874,0.10785942,0.110699475,0.11269451,0.114100344,0.11508597,0.115765706,0.11621873,0.11650115,0.11665352,0.11670514
0.06711564,0.07006901,0.08083435,0.09093533,0.098532535,0.10397522,0.107842065,0.11059559,0.11256273,0.11396805,0.11496578,0.11566313,0.11613569,0.11643772,0.11660864,0.11667571
0.07858853,0.080182515,0.08642745,0.09356218,0.099636935,0.10433752,0.10785235,0.11044788,0.11235433,0.11374807,0.114758804,0.11548106,0.1159837,0.116317265,0.116518766,0.11661104
0.08587105,0.0874426,0.09145083,0.0963222,0.100916386,0.10477522,0.10784454,0.110221304,0.11203499,0.113405064,0.114429384,0.11518476,0.11572995,0.11610956,0.116356544,0.11648595
0.08954889,0.09149558,0.09475773,0.09836453,0.10188189,0.10501496,0.1076538,0.1098031,0.11151742,0.112865426,0.11391258,0.11471592,0.11532196,0.115767635,0.11608021,0.11626284
0.09011474,0.09252393,0.095803805,0.098967426,0.10194541,0.10463857,0.10698749,0.108980715,0.11063847,0.11199726,0.113097705,0.11397948,0.11467724,0.11521974,0.11562759,0.11588759
0.08801848,0.09086583,0.09449011,0.097720996,0.10062175,0.103209406,0.105488524,0.10746876,0.109167874,0.11061088,0.11182519,0.11283922,0.113678604,0.11436501,0.11491231,0.11528695
0.08374559,0.08695281,0.09100496,0.09454592,0.097663954,0.100417815,0.1028479,0.10498561,0.106857754,0.10849009,0.10990635,0.111130044,0.112181604,0.113077685,0.113826096,0.11436946
0.07784819,0.081306696,0.08573444,0.089640714,0.09310078,0.09617479,0.09891068,0.10134765,0.10351785,0.10544939,0.107165754,0.10868892,0.11003678,0.111222714,0.1122493,0.113032095
0.07091622,0.074506044,0.07918739,0.083398975,0.08719553,0.09062433,0.093725935,0.09653551,0.099082984,0.101394795,0.10349258,0.10539663,0.1071226,0.10868105,0.110069476,0.11117307
0.0635133,0.06712032,0.07190989,0.07630972,0.08035737,0.08408625,0.087525986,0.09070316,0.093641095,0.09636101,0.098880105,0.10121523,0.10337876,0.10537775,0.10720397,0.10870901
0.05611332,0.059642226,0.06440306,0.06886009,0.07303944,0.07696443,0.08065592,0.084132835,0.08741197,0.09050896,0.09343601,0.096205935,0.0988274,0.10130361,0.103620425,0.105592266
0.049064353,0.05244494,0.057066575,0.06146328,0.0656546,0.06965804,0.07348936,0.077162944,0.080691695,0.0840879,0.08736072,0.09052071,0.09357434,0.09652264,0.099346936,0.10182316
0.013349121,0.034500048,0.05154443,0.060717277,0.0659602,0.06910031,0.07105222,0.072301954,0.07312041,0.07366458,0.07402852,0.074270256,0.07442655,0.0745213,0.074570484,-6.853782e-08
0.014601493,0.03472471,0.051587433,0.060726166,0.06596082,0.06909897,0.07105064,0.072300576,0.07311931,0.073663734,0.07402788,0.07426978,0.074426204,0.07452107,0.07457035,0.07458497
0.023672957,0.036948,0.05207883,0.06084429,0.0659786,0.06908929,0.0710352,0.07228589,0.073107004,0.07365393,0.074020274,0.074264005,0.07442194,0.074518085,0.07456844,0.074583925
0.036440447,0.042259432,0.05354867,0.061261512,0.066071354,0.06907958,0.07099679,0.0722438,0.07306926,0.07362247,0.073995,0.07424424,0.07440694,0.07450719,0.07456109,0.074579306
0.04681155,0.04908553,0.056091055,0.06212518,0.06631613,0.06909855,0.07093907,0.07216663,0.072994046,0.07355647,0.07393991,0.07419973,0.07437206,0.074480884,0.074542314,0.07456619
0.053905588,0.055110443,0.059126623,0.06336939,0.06673385,0.06916371,0.070864886,0.072046496,0.07286781,0.07344017,0.07383915,0.074115634,0.074304014,0.07442764,0.07450229,0.07453594
0.05821456,0.059267625,0.06178292,0.06465604,0.067207806,0.069227204,0.0707432,0.07185466,0.07266151,0.07324488,0.0736654,0.073966846,0.07418032,0.0743277,0.07442394,0.07447355
0.06024599,0.06143443,0.063407354,0.0655112,0.067472324,0.0691377,0.07047521,0.07151585,0.07231163,0.072914496,0.07336859,0.073708825,0.07396178,0.07414702,0.074278094,0.07435405
0.060372222,0.061776467,0.06369697,0.0655226,0.06719427,0.06865614,0.069887005,0.07089566,0.07170782,0.072354704,0.07286653,0.07326964,0.073585674,0.073831476,0.07401861,0.07413874
0.05888745,0.06051288,0.06259537,0.06444675,0.06608848,0.067525834,0.06876455,0.069816545,0.07069984,0.071435615,0.07204533,0.07254898,0.07296395,0.07330448,0.07357998,0.07377289
0.056077525,0.057892896,0.0602013,0.062223934,0.06400035,0.065558404,0.066919915,0.06810398,0.06912913,0.070013575,0.070774764,0.07142894,0.0719906,0.07247185,0.072880074,0.07318701
0.05225748,0.054210182,0.05672512,0.058954753,0.060934443,0.0626934,0.06425631,0.065644264,0.06687605,0.06796868,0.06893765,0.06979705,0.070559375,0.07123511,0.07182977,0.07230317
0.04776886,0.04979628,0.052454636,0.05485959,0.057037417,0.059011225,0.060801547,0.06242652,0.06390239,0.065243855,0.06646416,0.06757533,0.068588026,0.06951125,0.070348375,0.07104644
0.04294894,0.044988792,0.047710836,0.050225347,0.052550767,0.054703593,0.056698818,0.058549944,0.060269285,0.061868154,0.063356906,0.064745076,0.06604127,0.067252666,0.068381056,0.06935917
0.038093105,0.040091548,0.042799786,0.045348708,0.047751546,0.050020155,0.052165303,0.05419679,0.05612359,0.057954084,0.059696104,0.06135706,0.062943816,0.0644623,0.065912925,0.06721403
0.033428565,0.035344712,0.03797511,0.040489998,0.04289971,0.045213547,0.04744004,0.04958706,0.051661946,0.053671744,0.055623297,0.057523377,0.059378702,0.06119554,0.06297484,0.06462166
0.010488362,0.026002325,0.03719179,0.04247093,0.04509824,0.046446733,0.047148403,0.047513146,0.047699846,0.04779242,0.047835965,0.047854807,0.047861937,0.047864083,0.04786449,-4.437717e-08
0.011399385,0.026142852,0.03721128,0.042472098,0.04509645,0.04644494,0.04714711,0.047512308,0.047699332,0.047792118,0.047835793,0.047854714,0.047861885,0.047864053,0.04786447,0.047864497
0.01783026,0.027531264,0.03744435,0.04249892,0.045082953,0.04642755,0.047133423,0.04750293,0.047693312,0.04778841,0.047833573,0.047853403,0.04786111,0.047863577,0.047864154,0.047864217
0.026493313,0.030810906,0.03816861,0.042625375,0.045065742,0.046384443,0.047094677,0.047474273,0.047673758,0.04777565,0.04782545,0.047848284,0.04785786,0.04786145,0.047862686,0.04786292
0.033161357,0.0349152,0.03944356,0.042928983,0.04507574,0.04632033,0.047024928,0.047417365,0.047631893,0.04774634,0.047805425,0.04783471,0.04784859,0.047854993,0.047858015,0.047858838
0.03746525,0.038386323,0.040950764,0.04339073,0.04512851,0.046240687,0.046919066,0.047321606,0.04755538,0.047688514,0.047762834,0.047803614,0.047825832,0.04783816,0.047845315,0.04784792
0.039901637,0.040631346,0.042202692,0.043843348,0.045171924,0.046120524,0.04675471,0.047163278,0.04742012,0.047579203,0.047676843,0.047736783,0.047774076,0.047798038,0.047814038,0.047821537
0.040893838,0.04164411,0.042839147,0.044034146,0.04506911,0.04587875,0.046472587,0.046891443,0.047179766,0.047376066,0.0475094,0.047600705,0.047664426,0.0477102,0.047743984,0.047763325
0.040721547,0.041562937,0.04269605,0.04373372,0.044637088,0.045382075,0.045970276,0.046420954,0.04675955,0.04701207,0.047200385,0.04734205,0.04745023,0.047534622,0.047601573,0.047646
0.039580617,0.04053076,0.04174178,0.042799506,0.043711513,0.044482417,0.045121137,0.045641985,0.046061717,0.04639872,0.04666943,0.04688821,0.04706687,0.047214717,0.047338404,0.04742959
0.03764271,0.038692735,0.040027305,0.041189373,0.042197727,0.043067504,0.043812707,0.044447534,0.0449855,0.045441173,0.045827493,0.04615636,0.046438202,0.046681833,0.046894025,0.04706274
0.03509,0.036215227,0.037667044,0.03895365,0.040092476,0.041098796,0.041986503,0.04276869,0.043456655,0.044062596,0.04459698,0.045069735,0.045489937,0.045865748,0.0462039,0.04648828
0.032121677,0.033289157,0.034824293,0.03621636,0.037478544,0.03862278,0.039660107,0.040601004,0.041454054,0.042229097,0.042934317,0.043577723,0.04416695,0.044709317,0.045211375,0.045652617
0.028939595,0.030114807,0.031688087,0.03314652,0.034499597,0.0357559,0.036923386,0.038009748,0.039020825,0.039964188,0.04084584,0.041671976,0.04244883,0.04318286,0.0438805,0.044516776
0.025726212,0.026878301,0.028444711,0.02992474,0.031325486,0.03265329,0.033914022,0.035113454,0.036255497,0.03734619,0.03839007,0.039392136,0.040357806,0.041293267,0.042205513,0.04306568
0.022626681,0.023731608,0.025253294,0.02671394,0.028119363,0.029474787,0.030785127,0.032055367,0.03328868,0.03449073,0.0356658,0.03681894,0.037956078,0.039084576,0.04021371,0.04131257
0.008312489,0.01964525,0.026773969,0.029566804,0.03064406,0.03099794,0.031043371,0.030964851,0.030846857,0.030727882,0.030624447,0.030542424,0.030482532,0.030443126,0.030421587,-2.801973e-08
0.008973657,0.019728845,0.02677977,0.029564274,0.030641459,0.030996233,0.031042408,0.030964375,0.030846678,0.03072786,0.030624503,0.030542506,0.030482613,0.03044319,0.030421622,0.030415041
0.013511098,0.02055647,0.026860878,0.029545585,0.030615984,0.030978119,0.031031612,0.030958747,0.030844295,0.030727345,0.030624943,0.030543327,0.030483471,0.030443883,0.030422052,0.030415142
0.019320462,0.022490034,0.02714271,0.02952171,0.030551996,0.030926755,0.0309986,0.030940242,0.030835547,0.030724548,0.03062542,0.030545289,0.030485796,0.0304459,0.030423382,0.030415503
0.023501812,0.02482845,0.027664142,0.029527918,0.03045478,0.030835072,0.030933732,0.030900447,0.03081418,0.030715292,0.030623386,0.030546999,0.03048894,0.030449001,0.030425556,0.03041599
0.025993092,0.026685044,0.028269067,0.02956895,0.030334363,0.030701376,0.030828318,0.030828457,0.03076977,0.03069068,0.030611724,0.030543031,0.030488888,0.030450301,0.030426545,0.030415114
0.027249783,0.027755542,0.028706275,0.029575722,0.03017322,0.030512752,0.03066568,0.030705122,0.030683026,0.030632911,0.030574938,0.030520394,0.030475091,0.03044147,0.030419972,0.030408151
0.027609933,0.028085718,0.028790463,0.029425954,0.029908424,0.030228244,0.030410223,0.03049583,0.030520476,0.030510744,0.030484919,0.030454576,0.030426756,0.030405343,0.030392084,0.030384585
0.027277336,0.02778204,0.02843752,0.028999291,0.029445812,0.029777175,0.030003075,0.030147048,0.030231891,0.030277353,0.03029867,0.030307071,0.030310215,0.03031319,0.03031913,0.03032558
0.026379777,0.026934361,0.027629036,0.028214833,0.02869452,0.029077426,0.029371351,0.029591896,0.02975435,0.029873112,0.029960591,0.030026743,0.030079415,0.030124506,0.030166415,0.030202711
0.025018316,0.025624141,0.026388492,0.02704363,0.02759836,0.028064461,0.02844978,0.028766183,0.0290248,0.029236374,0.029410854,0.029556502,0.029681059,0.02979071,0.029890882,0.029979214
0.023296151,0.023942756,0.024775269,0.025508983,0.026152214,0.026715169,0.027204566,0.027629482,0.027998172,0.028318651,0.02859859,0.028844891,0.029064309,0.029263023,0.029447194,0.029614504
0.021327311,0.021997692,0.022879668,0.023679055,0.024402224,0.025056774,0.02564765,0.026181348,0.02666371,0.027100466,0.027497267,0.027859494,0.028192786,0.028502936,0.028796576,0.029071419
0.019230412,0.019905508,0.020810932,0.021651845,0.022432951,0.023159688,0.023835488,0.024464829,0.025051698,0.02560004,0.026113896,0.026597306,0.0270549,0.027492054,0.027915878,0.028324299
0.01711576,0.017777909,0.01868037,0.019535564,0.020347236,0.021119429,0.021854749,0.022556508,0.023227643,0.023871101,0.024490032,0.025087789,0.025668561,0.026237823,0.026803754,0.027365275
0.015073602,0.015708711,0.016585708,0.01743038,0.01824593,0.019035822,0.019802423,0.020548673,0.021277277,0.021991082,0.022693275,0.023387484,0.02407852,0.024773106,0.025481893,0.026206618
0.0065748114,0.014694661,0.018976955,0.02021303,0.020419752,0.020271216,0.02001781,0.019756673,0.019524423,0.019332556,0.019182006,0.019069443,0.01899007,0.018938879,0.018911174,-1.7067894e-08
0.007046507,0.014739695,0.018975398,0.0202092,0.020417223,0.020269837,0.02001716,0.019756442,0.019524418,0.019332662,0.019182151,0.019069588,0.018990194,0.01893897,0.01891123,0.018902788
0.010184761,0.01519018,0.018972958,0.02017258,0.02039061,0.020254482,0.020009499,0.019753441,0.019524043,0.019333627,0.019183675,0.019071197,0.018991617,0.018940058,0.018911915,0.01890304
0.013967969,0.016232561,0.019006912,0.020083698,0.020316187,0.020208055,0.01998462,0.019742556,0.0195215,0.019335631,0.019187786,0.019075887,0.018995963,0.018943537,0.018914247,0.018904068
0.01646452,0.017432762,0.01910325,0.019953221,0.020186631,0.020119084,0.01993261,0.019716833,0.019512577,0.019336559,0.019193804,0.019083865,0.019003903,0.018950233,0.018919019,0.01890646
0.017785147,0.018286139,0.019203965,0.01979563,0.02000704,0.019982202,0.019844022,0.019666592,0.019489028,0.019330025,0.019197116,0.019092,0.019013455,0.018958995,0.01892567,0.018910032
0.01831814,0.01866029,0.019199966,0.019595342,0.019776449,0.019790463,0.019706199,0.019576881,0.01943612,0.019302864,0.019186625,0.019091308,0.019017614,0.018964592,0.018930469,0.01891238
0.018319951,0.018616032,0.019008454,0.019304499,0.01947212,0.01952515,0.019497903,0.019424329,0.019330215,0.019232756,0.019142319,0.019064538,0.019001968,0.018955342,0.01892436,0.018906917
0.017931808,0.018228393,0.018590195,0.018866595,0.019051176,0.01915175,0.019186398,0.019175768,0.019138139,0.019087693,0.019034432,0.018984893,0.018943114,0.018911393,0.01889099,0.018881015
0.017232748,0.017549386,0.01793335,0.018238064,0.018467018,0.018627692,0.018731495,0.018791463,0.018820181,0.018828604,0.018825488,0.018817466,0.018809397,0.018804831,0.018806575,0.018815152
0.016278768,0.01662067,0.017045438,0.017399404,0.01768803,0.017917925,0.018097082,0.018234165,0.018337816,0.018416129,0.018476192,0.018524047,0.01856471,0.018602496,0.018641531,0.018683985
0.015125112,0.015488784,0.015954059,0.016359415,0.016709574,0.017009553,0.01726486,0.017481266,0.017664565,0.01782045,0.017954262,0.018070985,0.018175242,0.01827159,0.018365134,0.018459793
0.01383417,0.014211192,0.014706385,0.015153657,0.015556542,0.015918527,0.016243247,0.016534386,0.016795669,0.017030861,0.017243695,0.017437957,0.017617542,0.017786855,0.017951693,0.018117746
0.012473054,0.01285308,0.013363118,0.013836999,0.014277366,0.014686655,0.015067282,0.015421604,0.015751982,0.016060855,0.016350752,0.01662446,0.016885187,0.017137114,0.017386671,0.017641505
0.011106097,0.011479155,0.011988555,0.012472354,0.012932689,0.013371458,0.013790479,0.014191478,0.014576167,0.01494636,0.01530397,0.015651371,0.01599151,0.01632875,0.016670572,0.017027281
0.009787331,0.010145268,0.010640728,0.011119382,0.011583156,0.012033776,0.01247291,0.0129021825,0.013323255,0.013737937,0.014148295,0.014556939,0.014967372,0.015384981,0.015819354,0.016284952
0.005139274,0.010748519,0.013064926,0.013383256,0.013159682,0.012811244,0.012469211,0.012173431,0.011932116,0.011742432,0.011598097,0.011492249,0.0114185,0.011371258,0.011345768,-9.235564e-09
0.005464603,0.010768207,0.013060139,0.013379485,0.01315764,0.012810267,0.012468821,0.012173351,0.011932191,0.011742574,0.011598256,0.011492396,0.011418622,0.011371347,0.0113458205,0.011338058
0.007555211,0.010972059,0.013018857,0.0133409025,0.013135256,0.012798935,0.012463962,0.012172072,0.011932776,0.0117440205,0.011599978,0.011494059,0.011420036,0.011372411,0.011346495,0.01133833
0.009895725,0.011441316,0.012931991,0.01323726,0.013069269,0.012763074,0.012447223,0.012166547,0.011933442,0.011747773,0.011604939,0.011499095,0.011424484,0.0113758985,0.011348845,0.011339468
0.011264408,0.011933971,0.012816748,0.013066012,0.01294763,0.012691068,0.012410193,0.012151613,0.011931539,0.011752936,0.011613344,0.011508323,0.011433053,0.011382931,0.011353875,0.011342256
0.011852668,0.012195498,0.012669754,0.012843482,0.0127717,0.012576292,0.012344337,0.012119549,0.01192103,0.011755195,0.011622339,0.011520041,0.01144487,0.011393227,0.011361692,0.011347066
0.011968878,0.012189488,0.012462386,0.012580026,0.012546916,0.012414607,0.012240153,0.012059204,0.011891253,0.0117453,0.011624378,0.011528349,0.011455535,0.01140363,0.01137022,0.011352793
0.011795287,0.011971792,0.012168631,0.012267168,0.012270599,0.012198695,0.01208499,0.011955079,0.011826094,0.011708016,0.011605889,0.011521695,0.011455488,0.011406551,0.011373695,0.011355466
0.011422682,0.011589537,0.011773099,0.011883728,0.011927782,0.011913944,0.011861448,0.011787087,0.011704246,0.011622269,0.011547108,0.011482204,0.011429253,0.011388909,0.011361481,0.011346949
0.010895424,0.011068461,0.011267135,0.011407904,0.011497402,0.011540547,0.011548693,0.011532429,0.011501363,0.011463217,0.011423749,0.011387097,0.0113559915,0.011332366,0.011317913,0.011314425
0.010240903,0.010425826,0.010649554,0.010826827,0.010962973,0.011061114,0.011128101,0.011170481,0.01119471,0.011206578,0.01121091,0.011211768,0.011212306,0.011215305,0.011223658,0.011241234
0.009485543,0.00968193,0.009930236,0.010142009,0.010321003,0.010469212,0.010590715,0.010689431,0.01076941,0.010834635,0.01088868,0.010934969,0.010976552,0.011016559,0.011058819,0.01110933
0.008660811,0.008864728,0.009131402,0.009370362,0.009584144,0.0097740935,0.0099425,0.0100916475,0.010223925,0.010341852,0.0104478,0.010544355,0.010634111,0.010720186,0.010807069,0.010902873
0.0078023737,0.0080083655,0.008284667,0.00854095,0.008778994,0.008999784,0.0092046615,0.009394985,0.009572142,0.009737697,0.0098931575,0.010040395,0.010181532,0.01031958,0.010459572,0.010611904
0.0069457567,0.0071483166,0.0074252714,0.007688658,0.007939848,0.0081797065,0.008409198,0.008629283,0.008840937,0.009045301,0.009243501,0.009437092,0.009628054,0.009819535,0.010017403,0.010234815
0.0061216475,0.0063161682,0.0065860343,0.0068474794,0.007101685,0.0073495694,0.0075920247,0.007829991,0.008064437,0.0082965465,0.008527554,0.008759216,0.008993911,0.009235525,0.009491473,0.0097787995
0.00392523,0.007572912,0.00859204,0.008436408,0.008062184,0.0076911636,0.0073752697,0.007120808,0.0069216886,0.0067692576,0.0066552553,0.0065725883,0.006515396,0.006478906,0.006459251,-4.9470232e-09
0.0041371156,0.007577144,0.008586634,0.008433398,0.008060754,0.007690551,0.0073750704,0.00712081,0.0069217854,0.006769389,0.006655389,0.0065727085,0.0065154936,0.006478976,0.006459293,0.0064533073
0.005445344,0.0076305196,0.008535035,0.008401395,0.008044583,0.007683203,0.007372387,0.0071205334,0.006922677,0.006770766,0.0066568702,0.0065740757,0.006516631,0.0064798286,0.0064598336,0.006453537
0.0067745415,0.007755836,0.008408833,0.008311175,0.007995023,0.0076589347,0.0073624505,0.007118416,0.006924608,0.006774555,0.006661241,0.0065782866,0.006520259,0.0064826454,0.006461737,0.0064545036
0.0074154115,0.007842847,0.008218604,0.008154579,0.007900019,0.0076081636,0.0073390612,0.007111021,0.006926084,0.0067805275,0.006669019,0.006586247,0.00652742,0.0064884475,0.006465897,0.0064569204
0.007576201,0.0077921213,0.007986162,0.007944757,0.0077584907,0.007524614,0.0072954483,0.0070927585,0.006923028,0.0067859543,0.0066785715,0.0065971147,0.006537836,0.0064973244,0.0064726453,0.0064612892
0.007482423,0.0076139905,0.007722812,0.0077001243,0.0075767576,0.007405413,0.0072247055,0.007055831,0.006908237,0.006784793,0.0066850926,0.006607263,0.0065488666,0.006507482,0.0064808787,0.0064671836
0.007252466,0.00735015,0.0074305166,0.0074296836,0.0073601585,0.007248445,0.0071193827,0.006990305,0.006871289,0.0067672385,0.0066799475,0.0066093775,0.0065545947,0.006514283,0.006487159,0.0064723245
0.0069382577,0.0070254346,0.0071053864,0.007130464,0.007107228,0.0070490767,0.0069706854,0.0068844114,0.006799055,0.0067201247,0.0066507547,0.0065923706,0.0065453863,0.006509657,0.0064849695,0.0064717587
0.006560523,0.0066485037,0.0067405496,0.006793297,0.0068106726,0.006799684,0.006768714,0.006725681,0.0066772453,0.0066283797,0.00658258,0.0065421103,0.006508375,0.006482249,0.006464628,0.0064575584
0.006129332,0.0062227417,0.0063308855,0.0064101275,0.0064628846,0.0064929132,0.006504833,0.0065033943,0.0064930944,0.006477706,0.0064603975,0.0064435867,0.006429182,0.006418776,0.006414247,0.0064194333
0.005654608,0.00575404,0.0058773104,0.005979333,0.006061592,0.0061261016,0.0061753467,0.0062119663,0.0062387106,0.0062580802,0.006272496,0.006284049,0.006294688,0.006306354,0.006321677,0.0063463426
0.005150053,0.0052537858,0.00538839,0.0055077206,0.005612729,0.005704511,0.0057843793,0.0058537167,0.00591406,0.0059668706,0.006013777,0.0060563274,0.006096213,0.0061354246,0.0061771064,0.006228778
0.004632806,0.004738063,0.0048789685,0.0050093783,0.0051299785,0.0052412963,0.005344258,0.0054395194,0.0055279345,0.0056103,0.005687662,0.0057610916,0.005831974,0.005902243,0.005975451,0.00606101
0.004120953,0.0042248056,0.0043669166,0.004502257,0.00463141,0.004754879,0.004873203,0.0049868715,0.005096465,0.0052025015,0.0053057685,0.005407138,0.005507886,0.005610032,0.0057176934,0.005842501
0.0036306758,0.0037305958,0.0038695391,0.004004572,0.004136263,0.0042651007,0.0043916246,0.0045163147,0.004639768,0.0047625336,0.0048854724,0.0050095906,0.0051364084,0.005268418,0.005410757,0.0055780225
0.002883385,0.00502929,0.005270512,0.00494136,0.0045818584,0.0042799925,0.0040420555,0.0038587276,0.003719261,0.0036144743,0.003537086,0.0034814382,0.0034431445,0.003418788,0.0034056867,-2.41551e-09
0.0030086266,0.0050255437,0.0052659726,0.004939321,0.004580996,0.0042796666,0.004041976,0.0038587635,0.0037193457,0.0036145723,0.0035371815,0.0034815217,0.0034432106,0.003418836,0.003405716,0.0034017258
0.0037452905,0.0050000786,0.005220552,0.004916983,0.0045709223,0.0042755473,0.0040407637,0.003858954,0.0037201708,0.0036156278,0.0035382453,0.0034824756,0.0034439946,0.0034194193,0.0034060865,0.0034018892
0.0043936744,0.0049476633,0.005102973,0.0048516206,0.0045388998,0.0042612962,0.004035754,0.0038586785,0.003722197,0.0036186127,0.0035414395,0.0034854505,0.0034465138,0.003421362,0.0034074031,0.0034025807
0.0045990967,0.0048399675,0.004918814,0.004734079,0.0044753053,0.004230166,0.0040229484,0.0038559134,0.0037246982,0.0036235987,0.00354728,0.0034911789,0.0034515627,0.0034254168,0.0034103116,0.0034043263
0.004543993,0.0046637016,0.004696683,0.0045730104,0.00437792,0.0041771447,0.0039976197,0.0038470528,0.0037252046,0.0036290542,0.0035549228,0.0034993014,0.0034591188,0.0034317696,0.0034151305,0.0034075524
0.0043759667,0.00444516,0.004461992,0.004385868,0.004251466,0.0041000433,0.0039550746,0.0038270857,0.0037192663,0.0036313469,0.0035615778,0.0035077701,0.0034677344,0.003439484,0.0034213534,0.003412143
0.004162142,0.0042098635,0.004226635,0.004186317,0.0041026827,0.0039986204,0.0038909959,0.003789999,0.003700618,0.0036246753,0.0035622078,0.0035123897,0.0034740516,0.0034459727,0.0034270745,0.0034168845
0.003926649,0.0039669415,0.0039910753,0.0039785886,0.003935117,0.0038724733,0.003801207,0.0037292512,0.0036617036,0.0036014102,0.0035496515,0.0035067715,0.0034725748,0.0034466435,0.0034286077,0.003418987
0.0036755905,0.0037153887,0.0037498742,0.0037599206,0.003747927,0.0037198116,0.0036815533,0.0036384184,0.0035946504,0.0035530163,0.003515387,0.0034828505,0.0034559714,0.003435056,0.0034204405,0.0034139403
0.0034095887,0.0034519727,0.0034971968,0.0035255942,0.0035383413,0.0035383105,0.0035286527,0.0035124684,0.0034927432,0.0034716395,0.0034509858,0.0034321381,0.0034160905,0.0034036818,0.0033958957,0.0033959039
0.0031301363,0.0031757478,0.003230269,0.0032732198,0.0033051127,0.0033273376,0.0033414597,0.0033491042,0.0033521573,0.00335199,0.0033500316,0.0033475223,0.0033455617,0.0033452704,0.0033481237,0.0033586703
0.0028415646,0.0028896697,0.0029511028,0.0030046857,0.003050681,0.003089764,0.0031226734,0.003150163,0.0031733587,0.0031929489,0.0032098847,0.0032251028,0.0032395832,0.0032545067,0.003271675,0.0032969883
0.002550821,0.0025999988,0.0026655481,0.0027259304,0.0027813998,0.0028323024,0.002879015,0.0029219002,0.0029615266,0.00299827,0.0030326878,0.0030654233,0.0030972764,0.003129397,0.0031638881,0.0032078188
0.0022660233,0.0023148383,0.0023816554,0.0024453504,0.0025061655,0.0025643525,0.0026201552,0.002673793,0.0027256527,0.0027759469,0.0028250753,0.002873543,0.002922076,0.0029718697,0.0030253604,0.0030910734
0.0019948094,0.0020419555,0.002107677,0.0021717695,0.0022344957,0.0022961095,0.0023568461,0.0024169395,0.0024767593,0.002536562,0.0025967762,0.002657977,0.0027210317,0.0027873984,0.0028601068,0.002949602
0.001984878,0.0030387614,0.0029019131,0.0025861128,0.0023225062,0.0021226257,0.0019735282,0.0018625,0.0017799127,0.0017188034,0.0016741431,0.0016422496,0.0016204155,0.0016065618,0.0015991194,-1.029425e-09
0.00204675,0.0030325374,0.0028988577,0.0025849694,0.0023220738,0.0021224844,0.0019735126,0.0018625371,0.0017799702,0.0017188649,0.0016742008,0.0016423054,0.0016204542,0.0016065895,0.0015991363,0.0015968703
0.002387415,0.002980162,0.0028670875,0.0025720324,0.0023168363,0.0021205929,0.0019731324,0.001862841,0.0017805577,0.0017195331,0.001674846,0.0016428691,0.0016209122,0.0016069289,0.0015993511,0.0015969689
0.0026141633,0.0028670693,0.0027814587,0.0025327625,0.002299492,0.0021136177,0.001971161,0.0018632816,0.0017820938,0.001721466,0.0016768004,0.0016446443,0.001622395,0.0016080647,0.0016001257,0.0015973863
0.002597093,0.002706171,0.0026444888,0.0024597107,0.0022636966,0.0020975554,0.0019654008,0.0018628461,0.0017842932,0.0017248116,0.0016804456,0.0016481056,0.001625395,0.0016104575,0.0016018444,0.0015984463
0.0024680959,0.0025213992,0.0024807972,0.0023572391,0.0022071754,0.0020690407,0.001953023,0.0018595207,0.0017858625,0.0017288129,0.0016854096,0.0016531433,0.0016299702,0.0016142648,0.001604731,0.0016004277
0.0023085787,0.0023377389,0.0023140986,0.0022376084,0.002132506,0.0020264543,0.0019311798,0.0018504768,0.0017843879,0.0017315756,0.0016902714,0.0016587368,0.0016354341,0.0016190676,0.0016085814,0.0016033275
0.0021484634,0.002167065,0.0021561824,0.0021123844,0.00204478,0.0019699198,0.0018974794,0.00183239,0.0017765138,0.00173005,0.0016924354,0.0016627748,0.0016401049,0.001623577,0.0016124641,0.0016065661
0.0019944995,0.0020094062,0.0020085166,0.0019870773,0.0019480363,0.0019002246,0.0018500788,0.0018019475,0.0017583075,0.001720282,0.00168822,0.0016619778,0.001641203,0.0016255027,0.0016145498,0.0016087482
0.0018451306,0.0018598536,0.0018672666,0.00186164,0.0018436094,0.0018175872,0.0017875247,0.0017561751,0.0017258379,0.0016979334,0.0016732846,0.001652271,0.001635024,0.0016215954,0.0016120847,0.0016076011
0.0016972306,0.0017133184,0.0017277048,0.0017336435,0.0017310912,0.001722195,0.001708848,0.0016929151,0.0016759298,0.0016591261,0.0016433956,0.0016293514,0.0016174666,0.0016080735,0.0016016924,0.0016001916
0.0015489226,0.0015667338,0.001586673,0.0016011265,0.0016098531,0.0016138724,0.0016140826,0.0016114649,0.0016069307,0.0016013297,0.0015953792,0.0015896969,0.0015848262,0.001581306,0.0015799631,0.0015834321
0.0014003956,0.0014196119,0.001443583,0.0014640329,0.0014807456,0.0014942122,0.0015048184,0.0015130334,0.0015193132,0.0015241499,0.0015280092,0.0015313667,0.0015347124,0.0015386536,0.001544206,0.0015547535
0.0012536347,0.0012736269,0.001300059,0.0013243017,0.0013463402,0.0013662961,0.0013843839,0.001400814,0.0014157959,0.0014295835,0.0014424403,0.0014546928,0.001466727,0.001479153,0.0014931073,0.0015127244
0.0011115944,0.0011316629,0.0011591204,0.0011854059,0.0012104424,0.0012344003,0.0012573828,0.0012795001,0.0013008774,0.0013216679,0.00134204,0.0013622465,0.0013826394,0.0014037997,0.0014270677,0.0014573933
0.0009773141,0.0009968334,0.0010241346,0.0010509373,0.0010772364,0.0011031802,0.0011288698,0.0011544224,0.0011799592,0.0012056414,0.0012316558,0.0012582836,0.0012859417,0.0013153373,0.001348102,0.0013902449
0.0012176762,0.0015625147,0.0013357345,0.0011254505,0.000976957,0.0008728464,0.0007986477,0.00074497954,0.000705834,0.0006772582,0.00065656926,0.0006418934,0.0006318834,0.0006255509,0.0006221535,-3.534097e-10
0.0012377072,0.001557388,0.0013342046,0.0011249575,0.0009767932,0.0008728063,0.00079865387,0.0007450046,0.00070586486,0.0006772888,0.0006565971,0.00064191635,0.00063190155,0.0006255638,0.00062216126,0.0006211272
0.0013343071,0.0015118261,0.001317747,0.0011191489,0.0009747009,0.00087216747,0.0007986264,0.0007452333,0.00070618646,0.0006776262,0.00065690785,0.00064218376,0.0006321164,0.00062572234,0.0006222631,0.000621175
0.0013433151,0.0014122428,0.0012716581,0.0011007371,0.00096738385,0.0008695721,0.00079814676,0.00074570836,0.00070705777,0.00067861227,0.0006578643,0.00064303185,0.000632816,0.0006262564,0.00062262773,0.00062137743
0.0012528215,0.001282183,0.0011951436,0.0010651024,0.0009515471,0.00086312875,0.0007962621,0.00074603944,0.000708417,0.00068036787,0.0006596748,0.00064470334,0.00063424604,0.0006273896,0.00062344084,0.0006218921
0.0011364802,0.0011507949,0.0011018144,0.0010136258,0.0009255654,0.0008510342,0.00079160667,0.0007453164,0.00070971454,0.0006825966,0.00066221174,0.0006471839,0.0006364564,0.0006292117,0.0006248207,0.00062286004
0.0010269122,0.0010342281,0.0010076812,0.00095276145,0.0008903579,0.00083228864,0.00078274583,0.00074222905,0.0007098848,0.00068449293,0.0006648932,0.00065006927,0.0006391878,0.000631573,0.00062669546,0.00062429876
0.0009314201,0.00093561684,0.0009216863,0.0008894857,0.0008486477,0.00080689305,0.0007685136,0.0007352469,0.00070742494,0.00068473053,0.00066661206,0.0006524721,0.00064174365,0.00063394994,0.0006287134,0.0006259778
0.0008483699,0.00085166394,0.00084532605,0.00082776486,0.0008030974,0.0007755192,0.0007481679,0.000722903,0.00070061715,0.0006816031,0.0006658058,0.00065301504,0.00064297015,0.00063539896,0.0006301034,0.0006273198
0.00077397446,0.00077756296,0.000776343,0.00076828955,0.00075511064,0.00073882926,0.000721324,0.00070400885,0.0006878081,0.00067326805,0.00066063314,0.0006499952,0.0006413227,0.0006345728,0.0006297341,0.0006273804
0.00070479553,0.0007091945,0.00071172207,0.0007100617,0.0007049261,0.0006972056,0.000687874,0.0006778181,0.0006677173,0.0006581019,0.0006493177,0.00064159837,0.00063508446,0.0006298975,0.0006262064,0.0006249462
0.00063860056,0.0006438936,0.0006492002,0.0006519385,0.000652411,0.000650975,0.0006480841,0.0006442076,0.00063975254,0.00063509884,0.000630543,0.0006263435,0.0006227118,0.00061986066,0.0006181138,0.0006187513
0.00057444366,0.000580471,0.0005877397,0.00059346185,0.0005977737,0.00060079905,0.00060276274,0.0006038243,0.0006042167,0.0006041579,0.0006038207,0.00060344225,0.00060321356,0.0006033778,0.0006043539,0.0006077586
0.0005124194,0.00051890727,0.00052740774,0.00053503,0.0005418483,0.00054789736,0.00055325706,0.00055802224,0.0005622692,0.0005661134,0.0005696568,0.00057303923,0.00057642494,0.00058005255,0.00058439863,0.00059141096
0.00045322717,0.00045988316,0.00046898946,0.00047765984,0.00048594835,0.00049386243,0.0005014494,0.0005087569,0.0005158181,0.00052269944,0.000529462,0.0005362054,0.0005430725,0.0005502997,0.00055842433,0.00056976103
0.00039777055,0.00040432977,0.00041354127,0.0004226052,0.00043157584,0.0004404621,0.00044930968,0.00045816548,0.00046706098,0.00047606448,0.00048524138,0.00049470004,0.00050460856,0.0005152474,0.000527267,0.00054344017
0.000590045,0.00058682513,0.00043836443,0.00034697648,0.00029047485,0.00025346904,0.0002281494,0.00021031553,0.00019754011,0.00018833032,0.00018172097,0.00017706088,0.000173895,0.00014812317,0.00017133828,-8.1897954e-11
0.00058900623,0.0005841975,0.00043786629,0.000346841,0.00029043714,0.0002534638,0.00022815578,0.00021032567,0.00019755127,0.00018834103,0.00018173005,0.00017706823,0.00017390084,0.00017190177,0.00017082991,0.00017050434
0.00057446066,0.00055928354,0.00043221435,0.0003451518,0.0002899102,0.00025334768,0.00022819823,0.00021042817,0.00019766967,0.00018845672,0.00018183401,0.00017715716,0.00017397075,0.0001719531,0.00017086293,0.00017052039
0.00051903276,0.0005050853,0.00041548285,0.00033945934,0.0002879078,0.0002527608,0.00022819838,0.00021067234,0.0001980015,0.00018880297,0.00018215652,0.00017743638,0.00017419965,0.00017212701,0.00017098148,0.00017058839
0.00044659962,0.00043985265,0.00038647035,0.00032782336,0.00028326886,0.00025110264,0.0002278787,0.00021096214,0.0001985521,0.00018943254,0.0001827754,0.00017799424,0.00017466772,0.00017249538,0.00017124675,0.00017076108
0.00038216118,0.0003793099,0.000350332,0.00031030382,0.0002752288,0.00024770835,0.00022678892,0.00021102001,0.00019915994,0.00019027204,0.0001836652,0.00017883618,0.00017540515,0.00017309822,0.00017170237,0.00017108611
0.00033084216,0.0003293731,0.00031402233,0.00028908107,0.00026391793,0.00024213019,0.00022441924,0.00021040952,0.00019949723,0.00019108327,0.00018465989,0.00017985029,0.0001763393,0.00017389368,0.00017233178,0.00017157322
0.0002907346,0.00028983678,0.00028162965,0.0002669248,0.00025024643,0.00023431318,0.00022034354,0.00020864117,0.00019909296,0.00019144967,0.00018543097,0.00018077505,0.00017727482,0.00017474031,0.00017303505,0.0001721572
0.0002587082,0.0002582548,0.00025393444,0.00024562055,0.00023529115,0.00022451508,0.00021432218,0.00020522432,0.00019740681,0.00019086414,0.0001855083,0.0001812223,0.00017787152,0.00017535656,0.00017359451,0.00017266981
0.00023202336,0.00023202735,0.00023003474,0.00022566709,0.00021975851,0.00021307942,0.0002062841,0.00019981418,0.00019392952,0.00018875784,0.00018433931,0.00018066753,0.00017767535,0.00017535577,0.00017367896,0.00017283532
0.0002086792,0.0002091336,0.00020867093,0.00020680661,0.00020389426,0.00020026865,0.0001962816,0.00019221744,0.00018828854,0.00018464637,0.00018138866,0.0001785667,0.00017617893,0.00017427809,0.000172881,0.0001723012
0.0001873958,0.00018824561,0.00018883776,0.00018860854,0.00018771224,0.00018627905,0.00018447328,0.0001824466,0.00018032864,0.0001782345,0.00017626687,0.00017449065,0.00017292646,0.00017166926,0.00017079376,0.0001707028
0.00016749161,0.00016864849,0.0001699604,0.00017080402,0.00017125043,0.00017134142,0.00017114816,0.00017073352,0.00017016349,0.00016950874,0.00016883208,0.00016819722,0.00016762596,0.0001672269,0.00016710788,0.00016774573
0.00014872184,0.00015008247,0.0001518539,0.00015337588,0.00015468648,0.00015579339,0.00015672731,0.00015750776,0.0001581618,0.00015871394,0.0001592277,0.00015972812,0.00016021289,0.00016080905,0.00016162958,0.00016327723
0.00013110778,0.00013257304,0.00013459667,0.00013650872,0.00013833425,0.0001400716,0.00014173827,0.00014333846,0.00014488344,0.00014637907,0.00014787991,0.00014939584,0.00015091036,0.00015255573,0.00015445723,0.00015732065
0.0001147866,0.000116272524,0.00011838778,0.00012047908,0.00012256538,0.00012464565,0.00012673692,0.00012884194,0.00013097086,0.0001331283,0.00013537228,0.0001377136,0.00014013302,0.00014278364,0.00014581508,0.00015006319
0.00014704668,9.739528e-05,6.160487e-05,4.5699147e-05,3.675193e-05,3.094895e-05,2.7767064e-05,2.4972032e-05,2.3629029e-05,2.2144308e-05,2.1362823e-05,2.6119878e-06,6.206142e-07,2.2163228e-08,2.3665805e-08,3.9536438e-08
0.00014406203,9.703956e-05,6.162198e-05,4.5496025e-05,3.6646146e-05,3.120399e-05,2.762008e-05,2.5157762e-05,2.3423821e-05,2.2188387e-05,2.1308957e-05,2.0692602e-05,2.0275502e-05,2.0012994e-05,1.6086555e-05,7.290861e-09
0.00012281003,9.0404974e-05,6.090001e-05,4.5318346e-05,3.660268e-05,3.1202922e-05,2.763364e-05,2.5176034e-05,2.344176e-05,2.220428e-05,2.1324098e-05,2.0704643e-05,2.0285068e-05,2.0019515e-05,1.987807e-05,1.9831898e-05
9.526497e-05,7.885386e-05,5.854509e-05,4.4652737e-05,3.6405716e-05,3.116673e-05,2.7657625e-05,2.5222107e-05,2.3494153e-05,2.2255654e-05,2.1369087e-05,2.074339e-05,2.0316267e-05,2.0043535e-05,1.9893117e-05,1.984151e-05
7.322191e-05,6.63031e-05,5.4133438e-05,4.316349e-05,3.5888504e-05,3.101862e-05,2.7662441e-05,2.5290128e-05,2.3585375e-05,2.2350769e-05,2.1458218e-05,2.082196e-05,2.0381294e-05,2.0094336e-05,1.9929796e-05,1.9865769e-05
5.7834153e-05,5.494013e-05,4.836913e-05,4.076014e-05,3.4908127e-05,3.0659212e-05,2.7585313e-05,2.5343757e-05,2.3695813e-05,2.2481061e-05,2.1588385e-05,2.0940906e-05,2.0483943e-05,2.017711e-05,1.9992043e-05,1.9911266e-05
4.725938e-05,4.5913515e-05,4.248511e-05,3.7715567e-05,3.343842e-05,3.0004045e-05,2.7350638e-05,2.5325284e-05,2.3785367e-05,2.2619015e-05,2.1741445e-05,2.1090009e-05,2.0617637e-05,2.0289626e-05,2.008027e-05,1.9979629e-05
3.9817245e-05,3.910615e-05,3.72874e-05,3.446794e-05,3.1589803e-05,2.9027342e-05,2.6889727e-05,2.5162424e-05,2.3789971e-05,2.2712751e-05,2.1876729e-05,2.1237247e-05,2.0757923e-05,2.041342e-05,2.018221e-05,2.0063006e-05
3.4355136e-05,3.3952863e-05,3.2964945e-05,3.134804e-05,2.953214e-05,2.7760614e-05,2.6162168e-05,2.4787074e-05,2.3636778e-05,2.2693583e-05,2.1933814e-05,2.1330712e-05,2.0865107e-05,2.051623e-05,2.027153e-05,2.0140658e-05
3.012518e-05,2.9904397e-05,2.9376963e-05,2.84797e-05,2.7399568e-05,2.6262574e-05,2.516015e-05,2.4149696e-05,2.3250828e-05,2.2487531e-05,2.184141e-05,2.1310057e-05,2.0881542e-05,2.0549087e-05,2.03075e-05,2.0178622e-05
2.6653785e-05,2.6555668e-05,2.630695e-05,2.5847568e-05,2.525461e-05,2.458909e-05,2.3899891e-05,2.322775e-05,2.2599515e-05,2.2031138e-05,2.1530705e-05,2.1101621e-05,2.0742767e-05,2.0455505e-05,2.023982e-05,2.0133795e-05
2.3652572e-05,2.3641864e-05,2.3573384e-05,2.3385308e-05,2.311381e-05,2.2781778e-05,2.2411943e-05,2.2028593e-05,2.164834e-05,2.1285774e-05,2.0950692e-05,2.065132e-05,2.0391104e-05,2.0177626e-05,2.0018184e-05,1.9961646e-05
2.0959102e-05,2.1010252e-05,2.1059857e-05,2.104528e-05,2.0981839e-05,2.0878058e-05,2.074297e-05,2.058704e-05,2.0419413e-05,2.0248879e-05,2.0082263e-05,1.9927878e-05,1.9788456e-05,1.967687e-05,1.9602963e-05,1.9626968e-05
1.849419e-05,1.8586761e-05,1.8712097e-05,1.8805516e-05,1.8874038e-05,1.8921262e-05,1.8948349e-05,1.8961267e-05,1.896194e-05,1.895513e-05,1.8944045e-05,1.8934714e-05,1.89296e-05,1.8939494e-05,1.8977044e-05,1.9112034e-05
1.6228993e-05,1.6346092e-05,1.6515944e-05,1.6672953e-05,1.6821565e-05,1.6962693e-05,1.7095894e-05,1.7224409e-05,1.7347817e-05,1.7468903e-05,1.7588132e-05,1.771025e-05,1.7836039e-05,1.797605e-05,1.8144232e-05,1.8420558e-05
1.415994e-05,1.4288576e-05,1.4479871e-05,1.4670192e-05,1.48618055e-05,1.5056133e-05,1.5252221e-05,1.5452983e-05,1.5643032e-05,1.5869218e-05,1.6087728e-05,1.631766e-05,1.656032e-05,1.6827064e-05,1.7134393e-05,1.7575823e-05
1.4599275e-08,6.4623884e-09,3.902488e-09,2.7453277e-09,2.1500546e-09,1.7962922e-09,1.5672997e-09,1.411035e-09,1.3007283e-09,1.2211822e-09,1.1631685e-09,1.1207448e-09,1.0899109e-09,1.0678616e-09,1.0525871e-09,1.0426284e-09
3.4774578e-06,9.9899346e-08,2.4290998e-08,2.8119777e-08,2.7847396e-08,2.3267534e-08,2.0302906e-08,1.8280012e-08,1.6852328e-08,1.5823085e-08,1.5072805e-08,1.4524547e-08,1.41265115e-08,1.3842375e-08,1.364612e-08,1.351886e-08
5.3689573e-06,3.0132921e-06,1.8111738e-06,1.2737378e-06,9.988065e-07,8.361415e-07,7.3152785e-07,6.6076353e-07,6.115246e-07,5.765467e-07,5.5185785e-07,5.34528e-07,5.228388e-07,5.1546607e-07,5.115002e-07,5.1023426e-07
3.7519526e-06,2.6568266e-06,1.7504844e-06,1.25926e-06,9.953542e-07,8.361822e-07,7.327649e-07,6.6239494e-07,6.130948e-07,5.7785354e-07,5.53054e-07,5.3542766e-07,5.235556e-07,5.1604883e-07,5.1300003e-07,5.106314e-07
2.6278478e-06,2.193058e-06,1.6237168e-06,1.2225044e-06,9.846244e-07,8.341642e-07,7.341565e-07,6.650278e-07,6.160867e-07,5.8098715e-07,5.558062e-07,5.3793315e-07,5.256116e-07,5.1759855e-07,5.13001e-07,5.112475e-07
1.9249376e-06,1.752934e-06,1.4438696e-06,1.1577582e-06,9.608385e-07,8.269594e-07,7.3389134e-07,6.677368e-07,6.199641e-07,5.8513444e-07,5.597785e-07,5.414898e-07,5.286357e-07,5.2002895e-07,5.1482033e-07,5.1257393e-07
1.4882537e-06,1.4109864e-06,1.2527779e-06,1.0701731e-06,9.226386e-07,8.11648e-07,7.295771e-07,6.689164e-07,6.2364364e-07,5.897936e-07,5.646156e-07,5.460357e-07,5.3264176e-07,5.233556e-07,5.174118e-07,5.145652e-07
1.2022871e-06,1.1635492e-06,1.0811451e-06,9.725218e-07,8.7162323e-07,7.868499e-07,7.1915395e-07,6.663228e-07,6.254697e-07,5.9353584e-07,5.6921317e-07,5.507529e-07,5.3703263e-07,5.2715177e-07,5.204739e-07,5.170133e-07
1.0058511e-06,9.826526e-07,9.4009255e-07,8.771958e-07,8.1261527e-07,7.5297095e-07,7.017339e-07,6.5783075e-07,6.2330787e-07,5.945559e-07,5.717484e-07,5.5423703e-07,5.407289e-07,5.30528e-07,5.233099e-07,5.1936337e-07
8.6215096e-07,8.500745e-07,8.2568454e-07,7.9007276e-07,7.5061837e-07,7.1132837e-07,6.7478913e-07,6.4234797e-07,6.1432627e-07,5.9056964e-07,5.710338e-07,5.5485435e-07,5.4215167e-07,5.322741e-07,5.2488616e-07,5.2070845e-07
7.50244e-07,7.43513e-07,7.295454e-07,7.111877e-07,6.8848976e-07,6.645949e-07,6.407431e-07,6.184836e-07,5.9799345e-07,5.797201e-07,5.64016e-07,5.505445e-07,5.395712e-07,5.30654e-07,5.2377203e-07,5.198958e-07
6.5776766e-07,6.5469544e-07,6.494418e-07,6.3903997e-07,6.255085e-07,6.140588e-07,6.002004e-07,5.866427e-07,5.7340014e-07,5.609465e-07,5.498049e-07,5.3976555e-07,5.312582e-07,5.242565e-07,5.186458e-07,5.1575245e-07
5.7777333e-07,5.770572e-07,5.7581667e-07,5.7210127e-07,5.668633e-07,5.6116824e-07,5.5458395e-07,5.481099e-07,5.41005e-07,5.340871e-07,5.2772026e-07,5.216141e-07,5.16347e-07,5.11993e-07,5.084465e-07,5.073517e-07
5.065307e-07,5.073386e-07,5.0866646e-07,5.0890213e-07,5.079584e-07,5.0728613e-07,5.057385e-07,5.043005e-07,5.0232654e-07,5.001787e-07,4.9818647e-07,4.961416e-07,4.9449966e-07,4.933295e-07,4.9266464e-07,4.9423846e-07
4.4234005e-07,4.4411846e-07,4.4705666e-07,4.4946796e-07,4.5161931e-07,4.5354008e-07,4.5548384e-07,4.5753822e-07,4.5918253e-07,4.6090244e-07,4.6268545e-07,4.6434653e-07,4.6633807e-07,4.6870503e-07,4.7136186e-07,4.765256e-07
3.845318e-07,3.8681904e-07,3.9063872e-07,3.9426058e-07,3.9795395e-07,4.016918e-07,4.055812e-07,4.0983184e-07,4.1412414e-07,4.1847892e-07,4.2317345e-07,4.2792266e-07,4.3316055e-07,4.3908008e-07,4.454544e-07,4.5483782e-07
