0.9460651,0.85223806,0.757108,0.6947144,0.6535013,0.62614733,0.6079519,0.5958541,0.58783954,0.5825715,0.5791569,0.57699555,0.57568234,0.5749421,0.5745875,0.019999731
0.91549444,0.84913033,0.7564144,0.6944854,0.6534188,0.6261189,0.607944,0.59585375,0.5878414,0.5825735,0.57915825,0.57699627,0.5756824,0.57494175,0.57458687,0.019996477
0.7918434,0.80708194,0.7463289,0.69104236,0.6520748,0.62557197,0.60772336,0.59576833,0.58781,0.5825612,0.5791506,0.57698804,0.5756722,0.5749297,0.5745735,0.5744749
0.7384485,0.7279539,0.71189547,0.67720747,0.6461123,0.62285507,0.60643417,0.5951312,0.58747554,0.5823675,0.57902235,0.5768904,0.57558984,0.5748562,0.5745061,0.57440907
0.69322073,0.6731106,0.66403663,0.6498204,0.63179004,0.6153834,0.6024417,0.592916,0.5861818,0.58156085,0.57848,0.57649744,0.5752866,0.5746112,0.5743012,0.5742246
0.64876604,0.63572675,0.6248724,0.6184324,0.6107036,0.60219836,0.5943534,0.5879096,0.5830006,0.5794619,0.5770333,0.5754555,0.5745063,0.5740081,0.57382166,0.57381576
0.6036823,0.60101825,0.59448695,0.59087014,0.58829457,0.58549243,0.5824815,0.5796351,0.5772353,0.5753969,0.5741129,0.5733123,0.57290155,0.57278526,0.57287276,0.57303274
0.5554541,0.56268644,0.564946,0.56562054,0.56655025,0.567482,0.5681512,0.5685512,0.56879836,0.56901526,0.56928515,0.56964684,0.57010543,0.5706424,0.5712178,0.57168746
0.50292414,0.5185719,0.5309201,0.5381544,0.543503,0.5479754,0.55181456,0.55509335,0.55788314,0.5602715,0.5623454,0.56417775,0.56582105,0.5673039,0.5686195,0.56957906
0.44711772,0.46922642,0.4908528,0.50559604,0.5165739,0.5253624,0.532714,0.5389958,0.5444126,0.54910445,0.5531826,0.55673975,0.5598502,0.5625646,0.5648863,0.5665341
0.39059943,0.41703522,0.4459514,0.46768156,0.48465088,0.49838915,0.50983745,0.5195737,0.52796334,0.53525084,0.5416112,0.5471763,0.5520458,0.5562851,0.55989236,0.5624405
0.33625644,0.36502552,0.39881843,0.42604792,0.44838303,0.4670202,0.48281148,0.4963631,0.50810915,0.51836526,0.5273655,0.53528553,0.54225445,0.5483515,0.55356014,0.5572502
0.2863434,0.31582555,0.35221696,0.38310033,0.40953714,0.4323488,0.4521766,0.46952355,0.4847856,0.49827534,0.51023954,0.520871,0.5303125,0.53864616,0.54582494,0.5509495
0.24212116,0.27115405,0.30830792,0.34109992,0.37017277,0.39604706,0.4191526,0.43984804,0.45843402,0.4751627,0.49024367,0.5038464,0.51609623,0.5270522,0.53660995,0.54351866
0.20395532,0.23179877,0.26840487,0.30169782,0.3320584,0.3598054,0.38521144,0.4085118,0.42991054,0.44958386,0.46768102,0.48432228,0.49958855,0.51348865,0.5258276,0.53490764
0.17160103,0.19784544,0.23306593,0.26584896,0.29642177,0.32498378,0.35171142,0.37676078,0.40026918,0.42235544,0.44311818,0.46263072,0.480926,0.49795252,0.51340246,0.5250364
0.92814356,0.80154574,0.6724677,0.5854617,0.5256031,0.483833,0.45443892,0.43368822,0.4190689,0.40884936,0.40181297,0.3970915,0.39405817,0.3922559,0.39134926,0.066666365
0.89531916,0.79788303,0.67158705,0.5851496,0.5254813,0.4837869,0.45442498,0.4336878,0.41907352,0.4088551,0.40181807,0.3970953,0.39406043,0.39225674,0.39134884,0.3910892
0.7549374,0.7498718,0.65927833,0.5806773,0.5236296,0.4829979,0.4541058,0.43358123,0.41905957,0.40887594,0.40184575,0.397117,0.39407098,0.39225486,0.39133507,0.3910645
0.67643976,0.6565465,0.6180636,0.56336415,0.5158357,0.4793392,0.45237464,0.43278185,0.41871142,0.40873724,0.4017928,0.39708698,0.39403337,0.3921962,0.3912508,0.39095277
0.6092111,0.5839438,0.5594239,0.529443,0.49764407,0.4696623,0.4472021,0.4300021,0.41720507,0.4079004,0.40129542,0.39674813,0.39375484,0.39192632,0.39096332,0.39063126
0.5504075,0.53129286,0.5089489,0.49018863,0.4712436,0.45304447,0.43701422,0.4237927,0.4133869,0.4054921,0.39970148,0.395611,0.39286172,0.391152,0.3902343,0.38989562
0.500087,0.48803374,0.47024447,0.45605415,0.44389525,0.4327541,0.4226452,0.41384757,0.40653506,0.4007159,0.39627832,0.3930487,0.39083382,0.38944525,0.3887091,0.38844424
0.45568055,0.44953218,0.4379866,0.42772692,0.41940352,0.412456,0.40646958,0.40129966,0.396931,0.39336854,0.3905921,0.3885483,0.3871592,0.3863318,0.38596302,0.38589776
0.41447124,0.41308653,0.40781406,0.40201443,0.39704847,0.39307505,0.3899146,0.38738427,0.3853699,0.38381064,0.382671,0.38192117,0.38152698,0.3814449,0.3816144,0.38187885
0.37469357,0.3770679,0.37733293,0.3761236,0.37470436,0.3735626,0.37280878,0.3724111,0.37230575,0.37243682,0.3727636,0.3732568,0.37389153,0.3746397,0.3754534,0.3761364
0.3357467,0.34093353,0.34568575,0.34866956,0.35080743,0.35259667,0.3542765,0.35594386,0.3576262,0.35932183,0.3610197,0.36270663,0.3643679,0.3659816,0.36749715,0.36864454
0.2979235,0.3050302,0.31311068,0.31953353,0.32487687,0.3295083,0.33365577,0.33745617,0.34098935,0.34430072,0.34741557,0.35034573,0.35309318,0.35564327,0.35793748,0.35960382
0.26194632,0.270182,0.28046924,0.28941926,0.29734105,0.30444977,0.31089854,0.3167977,0.32222727,0.3272452,0.33189312,0.33619836,0.34017405,0.34380937,0.34703177,0.34933865
0.22855254,0.23727603,0.24879749,0.25937498,0.26913282,0.2781625,0.2865364,0.2943142,0.3015461,0.308274,0.314532,0.32034376,0.3257199,0.33064213,0.33501214,0.3381643
0.19825606,0.20699552,0.21898897,0.23042057,0.24129906,0.2516333,0.26143515,0.2707195,0.2795029,0.28780198,0.29563114,0.30299866,0.30989942,0.31629604,0.3220504,0.32629526
0.17128325,0.17972556,0.19164887,0.20333928,0.21473837,0.22580764,0.23652357,0.24687353,0.25685188,0.26645657,0.2756856,0.28453174,0.292973,0.3009485,0.3082721,0.3138413
0.9115571,0.7604972,0.61494404,0.5214386,0.45912302,0.41643852,0.38663322,0.36557138,0.35061395,0.3400163,0.33258945,0.3275013,0.32415617,0.32211947,0.32106888,0.13333301
0.87737286,0.75664,0.614047,0.52112925,0.4590029,0.4163917,0.3866173,0.36556867,0.35061646,0.34002036,0.33259332,0.3275041,0.32415766,0.32211953,0.32106763,0.32075968
0.72732204,0.7067649,0.6015041,0.5166428,0.45714408,0.41557816,0.3862636,0.3654264,0.35057056,0.3400147,0.33259958,0.32750827,0.32415292,0.32210308,0.32103866,0.3207184
0.63593554,0.6090009,0.5594635,0.49912766,0.44921526,0.41176546,0.38436705,0.36446804,0.3500809,0.33975533,0.3324451,0.32739145,0.3240378,0.32197118,0.32088113,0.32053098
0.5594653,0.53084385,0.4992826,0.46464044,0.43057996,0.40162462,0.37872446,0.36124355,0.34817427,0.33856815,0.33164328,0.3267848,0.3235172,0.32147413,0.32037234,0.3199889
0.49578664,0.47394902,0.4470371,0.42459974,0.40348148,0.38419753,0.36765355,0.35414872,0.34351826,0.33539242,0.32935533,0.3250183,0.3220451,0.32015544,0.3191195,0.3187428
0.4444117,0.4289978,0.40725812,0.38989416,0.3755231,0.36302915,0.35215577,0.34292555,0.3353376,0.32930404,0.32467225,0.32126015,0.3188822,0.31736368,0.31654662,0.31627688
0.40229654,0.3916636,0.3754897,0.36180443,0.35093933,0.34218913,0.33498144,0.32900518,0.3241017,0.32017156,0.31712806,0.3148818,0.31333905,0.3124046,0.31198257,0.31195286
0.36623716,0.3591177,0.3478527,0.33769447,0.32944,0.3229662,0.31792063,0.31398666,0.31093693,0.3086174,0.3069205,0.3057642,0.30507958,0.30480328,0.30487013,0.3051683
0.33377382,0.32925808,0.32195175,0.31504333,0.30921236,0.30459037,0.301067,0.29846215,0.2966029,0.2953474,0.29458582,0.29423374,0.29422402,0.29449934,0.29500073,0.29559702
0.30338097,0.3007614,0.29648292,0.29233342,0.28874233,0.28586257,0.2836958,0.2821733,0.28120312,0.28069413,0.28056556,0.28074923,0.28118753,0.28182858,0.28261387,0.28337684
0.27435446,0.27304468,0.27095556,0.26897064,0.26729727,0.26601955,0.26515117,0.26466775,0.26452708,0.2646812,0.26508266,0.26568753,0.26645485,0.2673431,0.2682957,0.26910186
0.24656475,0.246077,0.2454522,0.24502844,0.24485287,0.2449292,0.24524054,0.24576066,0.24646002,0.24730873,0.24827802,0.24934043,0.2504682,0.25162846,0.25276476,0.25361216
0.22018626,0.22013302,0.2203787,0.22097069,0.22185172,0.22296268,0.22425061,0.22567055,0.22718509,0.22876322,0.23037869,0.2320081,0.23362753,0.23520586,0.23668063,0.23771948
0.19548224,0.19557858,0.19624327,0.19740593,0.19894588,0.2007638,0.20278046,0.20493338,0.20717356,0.20946226,0.21176802,0.21406375,0.21632236,0.21850793,0.22054558,0.2220217
0.1726757,0.17273314,0.17350447,0.1749101,0.17679323,0.17903262,0.18153495,0.18422815,0.18705636,0.18997565,0.19295049,0.19595002,0.19894318,0.20188797,0.20469475,0.20685773
0.8962452,0.72687894,0.5757857,0.48587203,0.42958015,0.39291912,0.36831695,0.35144687,0.33972043,0.33152628,0.3258255,0.3219267,0.3193561,0.3177806,0.31696022,0.19999962
0.8612231,0.7230295,0.57495856,0.48560673,0.42948216,0.3928812,0.3683027,0.35144225,0.33971956,0.3315266,0.3258258,0.32192641,0.31935504,0.3177787,0.3169574,0.3167145
0.70577866,0.6734844,0.5631693,0.48159498,0.42786488,0.39216512,0.36796597,0.35127562,0.33963102,0.33147293,0.3257857,0.32188904,0.31931484,0.31773287,0.31690463,0.31665418
0.60904276,0.5766068,0.5232394,0.4654522,0.4206434,0.38863337,0.3661042,0.35022157,0.33898512,0.33103752,0.32545787,0.3216129,0.31905916,0.31747997,0.31664437,0.31638038
0.53129774,0.49993026,0.46627265,0.4333384,0.40328738,0.3789857,0.36047378,0.34674302,0.33669502,0.32942015,0.32422662,0.32060298,0.318173,0.31665832,0.3158507,0.31559035
0.46932155,0.44563064,0.41762245,0.39627314,0.37794858,0.36224723,0.34934998,0.3391467,0.33129948,0.32540455,0.3210829,0.31801298,0.31593436,0.31464016,0.3139667,0.3137799
0.42126966,0.4041857,0.38151234,0.36467424,0.35200334,0.34193844,0.33377114,0.32718515,0.32197577,0.31796017,0.31496316,0.31282264,0.3113941,0.31055266,0.31019145,0.31021085
0.38333666,0.37087798,0.353419,0.33960453,0.3294766,0.322072,0.3165629,0.3124135,0.3092944,0.30699438,0.30536568,0.30429658,0.3036966,0.3034899,0.3036099,0.30398157
0.35193905,0.3426514,0.3294748,0.318418,0.3099918,0.30387297,0.29954666,0.29655606,0.29455554,0.2932988,0.29261142,0.29236913,0.29248032,0.29287493,0.29349518,0.29426455
0.32437456,0.31726578,0.3073017,0.29865474,0.29175216,0.28655165,0.28281695,0.28027022,0.27865785,0.27777186,0.27744815,0.27756116,0.27801374,0.2787297,0.2796448,0.28066266
0.29887328,0.29323497,0.28554863,0.2788195,0.27327502,0.26892188,0.26565582,0.26332963,0.2617899,0.26089665,0.26052827,0.26058424,0.26098084,0.26164788,0.2625209,0.26348257
0.27445585,0.2697571,0.26359004,0.258255,0.25380862,0.25022018,0.24741673,0.24530855,0.24380255,0.24281114,0.24225426,0.242063,0.24217638,0.24253991,0.24309787,0.24371591
0.2507277,0.24656594,0.24132347,0.23690471,0.23324892,0.230275,0.22789943,0.22604376,0.22463647,0.22361478,0.2229223,0.22251147,0.22233914,0.22236484,0.2225419,0.22271717
0.22766712,0.2237468,0.21898396,0.21509027,0.21193229,0.20939004,0.20736149,0.20576188,0.204521,0.20358145,0.20289406,0.2024196,0.20212266,0.2019695,0.20191687,0.20178619
0.20544353,0.20156458,0.19697377,0.19331835,0.19042268,0.1881431,0.18636397,0.18499291,0.18395573,0.1831933,0.18265603,0.18230535,0.18210691,0.18202767,0.18202278,0.18188044
0.18428822,0.1803336,0.17572844,0.172129,0.16933635,0.16719466,0.1655818,0.16440171,0.16357821,0.16305101,0.16276981,0.16269594,0.1627949,0.16303334,0.16336355,0.16353677
0.88020754,0.69515854,0.5447241,0.4637241,0.41742268,0.38969064,0.37245205,0.36141476,0.35418642,0.3493804,0.34616616,0.34403124,0.34265095,0.3418141,0.34137976,0.2666662
0.84458154,0.6914298,0.5440084,0.46351856,0.41735286,0.38966385,0.37244013,0.36140814,0.35418162,0.34937623,0.34616208,0.3440271,0.3426467,0.34180966,0.34137514,0.34124643
0.685739,0.64339453,0.53343767,0.46016896,0.41605455,0.38907647,0.37213072,0.36121735,0.35404536,0.34926683,0.34606677,0.34393954,0.34256336,0.3417285,0.3412947,0.3411657
0.58733904,0.550171,0.49697426,0.4460082,0.40981343,0.3859454,0.37035,0.36007637,0.35323197,0.34863368,0.34553924,0.34347722,0.34214276,0.34133506,0.34091866,0.3407999
0.5123131,0.47851634,0.4453985,0.41742215,0.3943156,0.3770696,0.3648532,0.35638016,0.3505476,0.3465494,0.34382945,0.34201148,0.3408418,0.34014797,0.33981124,0.33974716
0.4553988,0.4301867,0.40279183,0.3848459,0.37159705,0.3614785,0.35389826,0.3483649,0.34441316,0.34164733,0.33975852,0.33851743,0.33775836,0.3373628,0.33724567,0.33734262
0.41304928,0.39485264,0.37253353,0.35788077,0.34863108,0.3425929,0.33853388,0.33578748,0.3339596,0.33279324,0.332111,0.3317873,0.33173263,0.33188298,0.332192,0.33262
0.3806207,0.36717385,0.34966287,0.3370459,0.32900113,0.32422265,0.3215764,0.32028112,0.3198353,0.31992298,0.32034558,0.32097828,0.32174286,0.3225902,0.32348904,0.32440913
0.35420683,0.3438584,0.3301487,0.3194515,0.31203282,0.30736667,0.30476406,0.30361903,0.30346617,0.30396867,0.3048907,0.30607045,0.3073991,0.30880448,0.31023863,0.31165403
0.33101192,0.3226457,0.31162447,0.3025927,0.29580274,0.29107904,0.28807965,0.28643847,0.28582805,0.2859788,0.28667808,0.2877626,0.2891092,0.2906258,0.2922427,0.2938841
0.3092392,0.3020861,0.2928099,0.28502014,0.27881676,0.27411222,0.27073163,0.26847187,0.2671343,0.2665404,0.26653683,0.26699543,0.26781097,0.26889735,0.2701822,0.27157304
0.28788224,0.2813992,0.27313754,0.26613608,0.26035893,0.2557071,0.25205725,0.24928081,0.24725464,0.24586609,0.24501514,0.24461472,0.24458969,0.24487528,0.24541265,0.2461069
0.26651365,0.2603181,0.25253466,0.24592683,0.24036749,0.23572606,0.23188213,0.22872871,0.22617248,0.22413258,0.22253919,0.22133216,0.22045946,0.21987568,0.21953684,0.21934894
0.24509439,0.23892902,0.23125614,0.2247464,0.21921855,0.21451664,0.2105112,0.20709597,0.20418385,0.20170334,0.19959533,0.19781074,0.19630831,0.19505256,0.19400862,0.19307745
0.22381273,0.21752341,0.20973863,0.20314163,0.1975214,0.1927071,0.18856202,0.18497671,0.18186322,0.17915067,0.1767815,0.17470881,0.17289397,0.17130452,0.16990834,0.16859585
0.20296149,0.19647834,0.18847981,0.18171299,0.17595108,0.17101632,0.16676883,0.16309778,0.15991467,0.15714844,0.15474167,0.15264791,0.15082933,0.14925465,0.14789301,0.14662227
0.86253583,0.66370916,0.51915133,0.4509172,0.41695556,0.399524,0.39045367,0.38573876,0.38332543,0.38212883,0.38156605,0.38132256,0.38123044,0.38120282,0.3811976,0.3333328
0.82647616,0.6601938,0.5185724,0.45077673,0.41691396,0.3995074,0.3904432,0.3857295,0.38331634,0.38211986,0.3815574,0.3813144,0.38122278,0.38119572,0.38119102,0.3811912
0.6656794,0.6145967,0.5095025,0.44815826,0.41594166,0.3990412,0.3901526,0.385508,0.38312772,0.38195133,0.3814041,0.38117418,0.3810942,0.3810774,0.38108164,0.38108945
0.56826633,0.5270907,0.47731477,0.43621814,0.41072464,0.3962987,0.38843068,0.38426042,0.38213167,0.38110852,0.38066706,0.38051707,0.38050106,0.38053694,0.38058496,0.38062888
0.49876493,0.46291897,0.4323986,0.41163215,0.3972073,0.38819268,0.38303193,0.3803085,0.37902036,0.3785305,0.37845594,0.37857568,0.37876785,0.3789696,0.37915236,0.3793061
0.44917384,0.42274177,0.39720753,0.3841818,0.37732476,0.37377533,0.3722039,0.37181634,0.37209153,0.37269336,0.37341577,0.37414086,0.37480766,0.37539032,0.37588373,0.37629235
0.41406947,0.3951018,0.37396207,0.36249235,0.3576043,0.35636827,0.35701215,0.3585471,0.3604267,0.36235374,0.36417288,0.3658116,0.3672448,0.36847445,0.3695163,0.37038934
0.38799977,0.37398314,0.3570872,0.3463788,0.34109795,0.3395435,0.34025484,0.34221008,0.34475005,0.34747186,0.35014123,0.3526323,0.35488674,0.356887,0.3586388,0.36015457
0.36682615,0.35591877,0.34233022,0.33259475,0.32673305,0.32400835,0.3235519,0.32461065,0.32660422,0.32911426,0.33185118,0.3346234,0.33731002,0.3398405,0.34217805,0.3442995
0.34776983,0.33872485,0.3273549,0.31854072,0.31238434,0.3085916,0.30672345,0.3063324,0.30702195,0.30846667,0.3104097,0.3126549,0.31505638,0.31750843,0.3199363,0.32227626
0.3291289,0.32110116,0.31101716,0.30282223,0.2965163,0.29193866,0.28885892,0.28702953,0.2862135,0.2862003,0.28680855,0.2878866,0.28930986,0.2909776,0.29280874,0.29472178
0.30999625,0.3024093,0.29290023,0.28495443,0.27846584,0.27328646,0.26925778,0.2662251,0.26404303,0.26258174,0.26172516,0.26137233,0.26143616,0.2618421,0.26252615,0.26341215
0.29003057,0.28249896,0.27306402,0.2650453,0.25826535,0.25255868,0.24778028,0.24380554,0.24052641,0.23785171,0.23570193,0.23400882,0.23271355,0.23176545,0.23112044,0.23071384
0.26927307,0.2615568,0.25187868,0.24356548,0.23639902,0.23019733,0.22481227,0.22012408,0.21603397,0.21246287,0.20934439,0.20662363,0.20425484,0.20219985,0.20042658,0.19887653
0.24799985,0.23997414,0.22989096,0.22117545,0.21358848,0.20693868,0.20107403,0.19587351,0.19123846,0.18709126,0.18336746,0.18001482,0.17699072,0.17426069,0.17179716,0.16954155
0.22660525,0.21823616,0.20771174,0.19859016,0.19062197,0.18361184,0.17740609,0.17188282,0.16694272,0.16250777,0.15851322,0.1549067,0.15164593,0.1486975,0.14603594,0.14360055
0.84248966,0.6319782,0.49857664,0.44629002,0.4261208,0.4194956,0.4186458,0.42011684,0.42232683,0.42455518,0.42649236,0.42802855,0.4291502,0.42988825,0.43029168,0.39999935
0.8061716,0.6287668,0.49815047,0.44621357,0.42610404,0.41948658,0.41863516,0.42010415,0.42231315,0.42454144,0.42647925,0.42801642,0.4291393,0.42987853,0.43028316,0.430407
0.6448262,0.5864845,0.4907602,0.4443239,0.42542428,0.4191131,0.41834527,0.41984224,0.42206788,0.42431256,0.4262683,0.42782438,0.4289661,0.42972347,0.43014494,0.43028393
0.55082685,0.50654364,0.46335912,0.4346251,0.4211436,0.4166746,0.4166238,0.41845378,0.42087182,0.42325312,0.42532015,0.4269732,0.42820153,0.42903653,0.42952728,0.42972758
0.48925626,0.45188203,0.42588398,0.41411823,0.4094679,0.40918076,0.41120285,0.41416857,0.4172892,0.4201589,0.42259812,0.42455295,0.42603523,0.4270882,0.42776775,0.42813182
0.44877404,0.42148018,0.39890063,0.39193088,0.39226848,0.39572093,0.4003146,0.40506464,0.40947908,0.41333535,0.41656065,0.4191628,0.42119032,0.42270935,0.42379066,0.42450228
0.4220219,0.40257913,0.383262,0.37565207,0.3756571,0.3795582,0.385064,0.39091596,0.39646733,0.4014193,0.40566477,0.40919888,0.41206816,0.414342,0.41609687,0.41740635
0.40285268,0.38854155,0.37269467,0.364313,0.3621378,0.36404943,0.36825988,0.3735274,0.37906113,0.38439363,0.3892731,0.3935848,0.3972975,0.4004284,0.40302053,0.40512604
0.38702625,0.37583566,0.36272472,0.35425484,0.35019338,0.34959444,0.35141003,0.3547497,0.3589309,0.36346436,0.36801758,0.37237704,0.3764158,0.38006788,0.38330865,0.38613626
0.3718926,0.36245632,0.35108268,0.34276152,0.33745435,0.33476174,0.33415297,0.3351074,0.33716723,0.33995688,0.34318107,0.34661537,0.35009488,0.35350254,0.3567589,0.359808
0.3559389,0.34733897,0.33680952,0.32849997,0.32232293,0.31805995,0.31543294,0.3141582,0.31396747,0.31462172,0.3159154,0.3176759,0.31976178,0.32205877,0.32447633,0.32693696
0.3384396,0.33006355,0.319694,0.3111254,0.30419254,0.2987111,0.2944949,0.29137033,0.28917685,0.28776968,0.2870203,0.28681573,0.28705832,0.28766423,0.28856242,0.28968483
0.31921092,0.31066415,0.2999846,0.2909075,0.28321287,0.27670947,0.2712333,0.26664764,0.26283583,0.25969794,0.2571478,0.25511056,0.2535216,0.25232503,0.25147334,0.25091663
0.2984328,0.2894851,0.2782188,0.2684771,0.26000988,0.25261518,0.24612981,0.24042384,0.2353919,0.23094767,0.22701985,0.22354884,0.22048493,0.21778661,0.21542037,0.21334854
0.2765116,0.26706088,0.2550959,0.24464798,0.23545286,0.22730242,0.22003117,0.21350828,0.2076284,0.2023063,0.19747236,0.19306943,0.18905076,0.1853787,0.18202451,0.17895529
0.2539702,0.24401328,0.23136996,0.2202801,0.21047322,0.2017387,0.19390984,0.18685432,0.18046534,0.17465615,0.16935578,0.1645059,0.16005911,0.15597783,0.15223476,0.14879899
0.81926066,0.5999721,0.48352638,0.4499015,0.44428012,0.44832438,0.45522168,0.46232903,0.46864995,0.47387174,0.47796908,0.4810326,0.48319283,0.484586,0.48534006,0.46666592
0.78290874,0.5971598,0.4832607,0.44988298,0.44428247,0.4483193,0.45520905,0.46231213,0.46863145,0.47385335,0.4779517,0.48101684,0.48317882,0.48457387,0.4853297,0.48556
0.6226764,0.55909187,0.47764212,0.44866318,0.4438335,0.4479973,0.45489675,0.46199894,0.46832603,0.47356454,0.4776853,0.48077556,0.48296344,0.48438373,0.4851634,0.48541567
0.53468883,0.4885264,0.45530102,0.4410552,0.44030756,0.44573185,0.45309684,0.46042845,0.46691284,0.47228515,0.4765297,0.47973654,0.48203358,0.48355502,0.48442727,0.48476347
0.48338902,0.4451983,0.42567906,0.4244035,0.43014702,0.43858886,0.4474817,0.45571032,0.46280912,0.4686559,0.4732953,0.4768441,0.47944298,0.481233,0.4823448,0.48289436
0.45356596,0.42585543,0.40727162,0.40724126,0.41521326,0.42570508,0.43625307,0.44581366,0.45401323,0.460794,0.4662411,0.47049704,0.47371954,0.47606167,0.47766337,0.47864777
0.43599027,0.41637218,0.3994235,0.39613652,0.40128726,0.410353,0.42058662,0.43052724,0.4394856,0.44720167,0.45364043,0.45887685,0.46303275,0.46624413,0.4686442,0.47035515
0.42401877,0.409628,0.39513296,0.3893075,0.39035815,0.3957363,0.40335608,0.4117843,0.4201289,0.42788365,0.43479696,0.4407764,0.44582373,0.44999263,0.4533623,0.45602036
0.413484,0.4021776,0.3897378,0.38265678,0.38045,0.38196313,0.3859893,0.39151305,0.3977642,0.4041969,0.41044623,0.41628474,0.42158443,0.42628655,0.43037906,0.43387848
0.4019883,0.39230517,0.38108087,0.3733429,0.36892423,0.36732614,0.3679436,0.3701902,0.3735547,0.3776186,0.38205397,0.38661277,0.39111435,0.3954322,0.3994831,0.403215
0.38829306,0.37925693,0.36842847,0.3600983,0.3541042,0.3501763,0.34800348,0.34727138,0.34768534,0.3489825,0.35093603,0.35335526,0.35608312,0.358993,0.36198497,0.36498022
0.3719159,0.3628853,0.35180938,0.3427313,0.33543614,0.3297086,0.32534564,0.322159,0.3199762,0.31864125,0.3180145,0.3179727,0.31840816,0.31922805,0.32035366,0.32171726
0.35287783,0.34345087,0.3316919,0.32169196,0.31319508,0.3059876,0.29989398,0.2947682,0.29048696,0.28694424,0.28404802,0.28171802,0.27988377,0.2784841,0.2774667,0.27678594
0.3315338,0.3214892,0.3088087,0.29779294,0.28816384,0.27970102,0.27223086,0.26561508,0.25974205,0.25452042,0.24987419,0.2457396,0.2420627,0.23879823,0.23590934,0.23336565
0.30844656,0.29770282,0.28403443,0.2720214,0.26137647,0.251875,0.24334083,0.23563394,0.22864182,0.22227308,0.21645267,0.21111867,0.20621978,0.20171419,0.19756971,0.19376236
0.28428367,0.2728665,0.25828254,0.24539828,0.23392296,0.22363025,0.21434169,0.20591465,0.1982337,0.19120446,0.18474911,0.17880327,0.17331369,0.1682375,0.1635427,0.1592079
0.7918417,0.5682319,0.47529715,0.46252695,0.47150984,0.48550478,0.49924162,0.51112056,0.52081203,0.5284298,0.5342265,0.53847736,0.54143924,0.54333645,0.54436016,0.5333325
0.75578076,0.56592,0.47519013,0.46255556,0.47152373,0.48549944,0.499225,0.5110987,0.5207886,0.52840704,0.5342052,0.5384583,0.5414225,0.54332215,0.54434806,0.54466057
0.59886974,0.5330102,0.47133848,0.46189305,0.4712213,0.4851796,0.49886513,0.51072365,0.5204207,0.52806014,0.5338869,0.5381717,0.5411683,0.54309934,0.5441551,0.5444951
0.51996183,0.4736487,0.45407516,0.45606193,0.46819058,0.48292378,0.4968964,0.5089279,0.518775,0.5265608,0.53253126,0.5369547,0.5400825,0.542136,0.54330456,0.54374766
0.48138723,0.44333786,0.43234324,0.44275331,0.45905706,0.4757919,0.49088112,0.5036655,0.5140994,0.5223818,0.5287891,0.5336032,0.5370825,0.53945273,0.5409066,0.54160655
0.46363118,0.43605405,0.42247602,0.43003154,0.44574216,0.46297276,0.4789653,0.49276525,0.50420374,0.51343054,0.52070504,0.52630615,0.5304953,0.5335039,0.53553087,0.5367449
0.4558167,0.4363427,0.4222276,0.4235327,0.43383238,0.4478388,0.46243277,0.47603375,0.48796993,0.49805722,0.50635225,0.5130171,0.5182494,0.5222476,0.5251958,0.52725726
0.4511066,0.43681762,0.42387348,0.42067167,0.42487776,0.4335353,0.44429544,0.45557415,0.46641168,0.4762875,0.48496637,0.49238712,0.4985878,0.50365853,0.5077121,0.51086724
0.44562802,0.43430662,0.42261377,0.4169027,0.41645172,0.41991764,0.425953,0.43343803,0.44153178,0.44964504,0.4573908,0.46453437,0.47095042,0.47658908,0.4814507,0.48556688
0.4373736,0.4275008,0.41645062,0.40925324,0.40562993,0.4049999,0.40669602,0.41007796,0.41458985,0.4197772,0.42528462,0.4308446,0.436263,0.44140562,0.44618553,0.4505522
0.4254601,0.41602433,0.40490705,0.39652035,0.3906404,0.38695952,0.3851415,0.3848493,0.385767,0.38761145,0.3901371,0.39313686,0.3964396,0.3999069,0.40342948,0.40692395
0.4096973,0.40004086,0.38827148,0.3786672,0.37097266,0.36495048,0.36038604,0.35708183,0.3548563,0.35354415,0.35299587,0.35307857,0.353675,0.35468337,0.35601667,0.35760298
0.39034247,0.38006264,0.36724657,0.35632926,0.34702426,0.33910117,0.33237562,0.32669556,0.32193246,0.31797534,0.31472683,0.31210107,0.31002194,0.30842248,0.30724466,0.306441
0.36794698,0.35683376,0.342772,0.3305078,0.319738,0.3102271,0.30179176,0.29428697,0.28759548,0.28162104,0.27628297,0.27151313,0.2672531,0.26345313,0.26007187,0.25707868
0.34324408,0.3312371,0.31590727,0.30237085,0.29031858,0.27951086,0.26976037,0.26091832,0.2528649,0.24550238,0.2387499,0.23254028,0.22681725,0.22153413,0.21665384,0.21215221
0.31705436,0.30420762,0.28773156,0.27310616,0.26002035,0.24823202,0.23755012,0.22782132,0.21892093,0.2107465,0.2032128,0.19624881,0.18979506,0.1838025,0.17823292,0.17306383
0.75890636,0.5380655,0.4760012,0.48550525,0.5083311,0.53095925,0.5502247,0.5657433,0.5778869,0.58718294,0.59413546,0.599177,0.6026649,0.6048903,0.60608894,0.59999907
0.723639,0.53635764,0.47603875,0.48556536,0.5083477,0.53094935,0.55020225,0.565716,0.57785875,0.5871562,0.5941109,0.5991551,0.6026458,0.60487396,0.6060753,0.60644114
0.57319987,0.5095677,0.47382358,0.48529264,0.5080889,0.5305778,0.54976976,0.56527,0.57742745,0.5867544,0.5937454,0.598828,0.6023569,0.6046216,0.6058572,0.60625476
0.50722253,0.46321353,0.46132722,0.48075098,0.50522393,0.5281444,0.54753643,0.5632068,0.575537,0.58503836,0.5922001,0.5974454,0.6011267,0.6035323,0.6048973,0.6054131
0.48405135,0.4474131,0.44705817,0.46996439,0.49647686,0.5206194,0.54089195,0.55728364,0.57024074,0.5802991,0.5879595,0.59365255,0.597736,0.60050327,0.6021937,0.6030024
0.4796298,0.45285282,0.44522703,0.46073192,0.48391387,0.50723994,0.52789056,0.5451492,0.55912703,0.57021046,0.57883817,0.58541864,0.59030586,0.59379673,0.59613717,0.59752965
0.48189163,0.46290013,0.45197797,0.45793015,0.47311676,0.49159044,0.50996524,0.5266286,0.54098254,0.55294925,0.5626895,0.5704545,0.5765133,0.58111984,0.58450073,0.5868522
0.48423693,0.47020033,0.45889238,0.45821637,0.46531466,0.47688302,0.49035642,0.5040435,0.51694953,0.5285612,0.5386721,0.54725736,0.55439246,0.5602013,0.56482625,0.5684116
0.48336184,0.47207046,0.46108785,0.45659474,0.45765567,0.46278015,0.4705044,0.47962612,0.48924997,0.49875557,0.50774187,0.5159717,0.5233246,0.5297597,0.5352881,0.5399536
0.47780007,0.46772692,0.4567664,0.44995368,0.4469174,0.44702363,0.4495577,0.45383763,0.45927092,0.46537307,0.47176537,0.4781632,0.48436108,0.49021733,0.49564105,0.5005811
0.46709988,0.4572278,0.44572598,0.43714523,0.4312132,0.42760324,0.42596346,0.42594135,0.42720374,0.4294498,0.43241718,0.43588328,0.43966347,0.44360772,0.44759718,0.45154148
0.45140055,0.44107246,0.4285201,0.4182783,0.41005954,0.40361604,0.3987271,0.39518976,0.39281577,0.3914312,0.39087757,0.39101204,0.39170787,0.39285392,0.39435443,0.39613023
0.43121374,0.4200349,0.40608552,0.39416662,0.3839659,0.37524262,0.36780643,0.3615011,0.35619366,0.35176808,0.3481216,0.34516236,0.3428081,0.34098548,0.33962998,0.33868858
0.40729636,0.39507225,0.3795682,0.36599576,0.35402906,0.34341985,0.33397672,0.32554784,0.3180104,0.3112625,0.30521852,0.29980505,0.2949587,0.29062453,0.2867559,0.28331742
0.3805565,0.36724928,0.35021117,0.33511215,0.3216213,0.30948445,0.29850307,0.28851902,0.27940437,0.2710541,0.26338091,0.2563116,0.24978429,0.24374676,0.23815617,0.23298323
0.3519687,0.33766094,0.3192583,0.30286902,0.28816056,0.27487436,0.2628056,0.25178927,0.24169035,0.2323971,0.2238163,0.21586949,0.20849033,0.20162311,0.19522266,0.18925986
0.7186874,0.51210666,0.48879135,0.5207282,0.5556005,0.5848803,0.6079588,0.6257404,0.6392677,0.64943117,0.65693724,0.66233474,0.6660489,0.6684114,0.66968215,0.6666657
0.6850265,0.51109546,0.48894274,0.5207994,0.5556099,0.5848615,0.60792893,0.6257073,0.63923514,0.6494009,0.65690994,0.66231054,0.6660279,0.6683934,0.669667,0.67005485
0.5457772,0.4912957,0.48806053,0.5206897,0.5552769,0.58438265,0.60740066,0.6251834,0.63874143,0.64894867,0.6565028,0.6619484,0.6657089,0.66811466,0.6694257,0.6698479
0.4977516,0.45953572,0.47955945,0.51675195,0.55218285,0.58156824,0.6048067,0.6228144,0.6365982,0.64702296,0.6547809,0.66041464,0.664347,0.6669092,0.6683622,0.66891325
0.4929234,0.4593489,0.47168645,0.5073012,0.54302645,0.5731897,0.59728837,0.61611354,0.63063663,0.6417179,0.6500558,0.6562016,0.66058725,0.663552,0.66536385,0.666236
0.5028658,0.47766897,0.47677398,0.5001761,0.53011763,0.5585185,0.5827604,0.6025013,0.6181858,0.63044727,0.63989425,0.6470486,0.65233874,0.6561107,0.65864235,0.66015756
0.5151372,0.49696627,0.48941785,0.49977452,0.5192846,0.5414837,0.5628482,0.5818184,0.59791666,0.61119103,0.6219098,0.630408,0.6370168,0.6420354,0.6457227,0.64829767
0.5239714,0.5102906,0.50054526,0.5020809,0.5115999,0.5255219,0.5411269,0.5566598,0.57111853,0.58401334,0.59517306,0.60461056,0.6124354,0.6188007,0.6238727,0.62781423
0.5269617,0.5156809,0.5052362,0.5016482,0.5038284,0.51018214,0.5191625,0.5295054,0.54027545,0.55082995,0.5607586,0.569824,0.57791024,0.584984,0.5910646,0.5962042
0.5233391,0.51298624,0.50191456,0.49520633,0.49243754,0.49294803,0.49599522,0.50086635,0.5069388,0.513702,0.520756,0.5278005,0.5346183,0.54106015,0.54702985,0.5524736
0.5131484,0.5027359,0.49065244,0.4816393,0.47540092,0.47160769,0.46990362,0.46992636,0.4713286,0.473793,0.4770407,0.4808336,0.48497313,0.48929742,0.49367702,0.49801308
0.4968801,0.48577055,0.4722555,0.46117976,0.4522384,0.4451823,0.43979076,0.43585816,0.4331905,0.43160528,0.43093413,0.4310239,0.43173742,0.4329537,0.43456715,0.43648976
0.4753036,0.46311995,0.44788003,0.4348009,0.42355254,0.41388822,0.40561432,0.39857087,0.39262053,0.38764143,0.38352424,0.3801702,0.37749004,0.37540317,0.37383765,0.37273306
0.44937804,0.43594563,0.41886488,0.4038581,0.39058015,0.37877202,0.36823383,0.35880667,0.35036108,0.3427887,0.33599734,0.32990754,0.3244498,0.31956342,0.31519532,0.3113034
0.4201808,0.40548596,0.38662642,0.36986578,0.35485223,0.34131652,0.3290478,0.31787717,0.30766732,0.29830453,0.28969386,0.28175494,0.27441946,0.26762894,0.26133415,0.25549835
0.3888344,0.37298834,0.35256457,0.33433446,0.31794283,0.30311283,0.2896241,0.2772979,0.26598755,0.2555707,0.24594481,0.23702301,0.22873142,0.22100721,0.2137977,0.20706479
0.6689525,0.49548572,0.51827633,0.57071006,0.61447144,0.64765245,0.6724028,0.6908335,0.704543,0.7146871,0.7221006,0.72739375,0.73101944,0.73331916,0.73455465,0.7333322
0.6382625,0.49521875,0.51848894,0.5707676,0.6144635,0.6476209,0.6723644,0.6907947,0.7045065,0.714654,0.7220712,0.7273679,0.73099697,0.73329985,0.73453826,0.7349154
0.51753676,0.48290747,0.5183949,0.5705329,0.613928,0.6469811,0.67172074,0.69018894,0.70395356,0.71415716,0.7216289,0.72697663,0.7306526,0.7329983,0.73427564,0.7346882
0.49413067,0.46661973,0.51244867,0.56628543,0.61014915,0.64357257,0.668674,0.68748206,0.70155466,0.71203214,0.71974605,0.7253077,0.72917295,0.731687,0.7331146,0.7336619
0.5107277,0.4822931,0.5089755,0.5565431,0.59962463,0.6338307,0.6600284,0.67989004,0.694889,0.7061612,0.7145541,0.72069854,0.7250675,0.72802037,0.72983325,0.7307214
0.53554904,0.5127793,0.51900357,0.549618,0.5850187,0.6170312,0.64349604,0.6645478,0.6809838,0.6936686,0.703354,0.7106477,0.71602815,0.7198694,0.7224642,0.7240435
0.5571382,0.54007035,0.53575706,0.54985255,0.57272977,0.5976027,0.62093997,0.64130515,0.6583696,0.6723113,0.68349737,0.69233316,0.69919753,0.7044207,0.70828116,0.7110098
0.57135975,0.558047,0.54954517,0.55268997,0.5638938,0.579399,0.5963923,0.61309,0.62850213,0.64216906,0.65395504,0.6639057,0.6721578,0.67888635,0.6842735,0.6884936
0.577074,0.56568986,0.5554232,0.5522264,0.5549515,0.56195736,0.5716455,0.582707,0.59417474,0.60538757,0.6159268,0.625553,0.6341526,0.6416957,0.6482062,0.6537401
0.5743523,0.56355345,0.55202436,0.54499507,0.5420453,0.54252285,0.54567504,0.55076575,0.55714566,0.5642785,0.5717431,0.5792218,0.58648455,0.5933725,0.5997826,0.6056554
0.56377554,0.5526416,0.53966326,0.5298704,0.52297616,0.5186677,0.51659435,0.51638734,0.5176855,0.5201544,0.52349716,0.5274586,0.53182507,0.5364211,0.54110587,0.5457698
0.5461819,0.5341138,0.5193618,0.50717014,0.49723434,0.4893139,0.48319262,0.47866315,0.47552446,0.4735842,0.47266242,0.4725938,0.47322944,0.47443688,0.47610018,0.47812036
0.52258223,0.50922936,0.4924627,0.4779951,0.4654879,0.45469248,0.44541308,0.43748543,0.43076563,0.42512444,0.42044416,0.41661745,0.41354635,0.41114196,0.40932417,0.40802318
0.4941193,0.47933006,0.46047106,0.44384557,0.4290927,0.4159429,0.40418723,0.39365798,0.38421664,0.3757465,0.3681471,0.36133125,0.35522217,0.34975204,0.34486097,0.3404985
0.46202293,0.4458083,0.4249564,0.40638536,0.38972235,0.3746816,0.36103764,0.34860864,0.33724543,0.3268239,0.31723946,0.30840343,0.30023974,0.2926829,0.2856767,0.27917573
0.42754966,0.41004863,0.38745922,0.36726835,0.34909567,0.3326435,0.31767294,0.30398926,0.29143143,0.27986488,0.26917613,0.25926873,0.25006038,0.24148034,0.23346835,0.22597645
0.6076734,0.49834362,0.57120836,0.6387225,0.68639284,0.7198134,0.74363285,0.760861,0.77342707,0.7826002,0.7892414,0.79395264,0.79716593,0.7991988,0.80028945,0.79999876
0.582306,0.49874777,0.57140183,0.63873816,0.6863581,0.7197664,0.74358547,0.76081693,0.77338743,0.7825651,0.78921056,0.7939257,0.79714245,0.7991784,0.8002719,0.800605
0.49178344,0.49338093,0.5712207,0.6380305,0.6854883,0.71891755,0.7428123,0.7601293,0.7727807,0.782031,0.7887404,0.7935116,0.79677784,0.7988576,0.79999006,0.80035794
0.50170755,0.49156,0.56540334,0.63229686,0.6805148,0.7147001,0.73922914,0.7570604,0.7701289,0.77972084,0.7867142,0.7917246,0.79519504,0.7974512,0.7987377,0.7992414
0.5423696,0.52145123,0.5629356,0.62008506,0.66748905,0.7030416,0.72919977,0.74847066,0.7627281,0.77328944,0.7810771,0.7867457,0.7907687,0.7934947,0.7951857,0.7960414
0.5813923,0.56178796,0.5746584,0.61078453,0.64954734,0.6831705,0.7101532,0.7311417,0.7472551,0.7595402,0.7688446,0.7758218,0.780968,0.7846603,0.7871869,0.78877044
0.61047685,0.594598,0.5927814,0.60930246,0.6340712,0.66019315,0.68423474,0.70492065,0.72207147,0.73597777,0.7470828,0.75583893,0.7626518,0.7678649,0.77176154,0.77457255
0.62811834,0.61499536,0.60700417,0.6107355,0.62254816,0.6386138,0.65607333,0.6731332,0.68881834,0.702694,0.7146502,0.72475404,0.7331587,0.7400497,0.74561584,0.75003463
0.6348036,0.6230412,0.6123037,0.60870475,0.61117405,0.61808366,0.6278064,0.63899505,0.6506504,0.66208893,0.6728786,0.6827726,0.6916531,0.6994887,0.706302,0.7121482
0.6315291,0.6199874,0.6074475,0.59948033,0.59574664,0.5956359,0.5983966,0.603271,0.6095801,0.6167584,0.624359,0.63204336,0.63956505,0.6467521,0.6534916,0.6597158
0.6193938,0.60725266,0.592914,0.58185804,0.5738495,0.5686098,0.5657985,0.5650396,0.56595457,0.56818783,0.571421,0.5753788,0.5798292,0.58458126,0.5894805,0.59440523
0.5995378,0.58625,0.56987077,0.5561812,0.5448991,0.53580076,0.528675,0.5233104,0.51949555,0.5170245,0.5157024,0.515349,0.51580095,0.5169128,0.51855636,0.52062094
0.57316566,0.5584104,0.5397903,0.52362984,0.5095918,0.4974278,0.486938,0.47795054,0.47031182,0.4638816,0.45853096,0.45414135,0.4506042,0.44782063,0.44570097,0.44416547
0.5415635,0.52521217,0.5043012,0.4858129,0.4693734,0.45470145,0.44157565,0.42981574,0.41927102,0.40981317,0.401331,0.39372733,0.3869163,0.38082168,0.3753757,0.3705191
0.50608253,0.48816848,0.46509448,0.44451606,0.42603818,0.4093549,0.3942223,0.3804417,0.36784893,0.35630655,0.3456984,0.33592525,0.32690203,0.31855512,0.31082058,0.30364427
0.4680889,0.44877633,0.4238281,0.4015168,0.38143337,0.36325422,0.3467179,0.3316098,0.3177517,0.30499426,0.29321113,0.2822948,0.2721533,0.26270714,0.25388813,0.24563885
0.53787285,0.54158646,0.65761065,0.72899914,0.7731318,0.8020357,0.8218117,0.8357406,0.8457187,0.85291195,0.8580742,0.8617141,0.8641865,0.86572295,0.8665832,0.86666536
0.521792,0.54230386,0.6576742,0.72894454,0.77306277,0.8019716,0.8217557,0.8356923,0.845677,0.85287577,0.8580428,0.86168665,0.86416256,0.8657257,0.8665643,0.8668198
0.47955373,0.54071414,0.65609366,0.72736907,0.77173364,0.8008762,0.8208463,0.8349271,0.8450246,0.85231304,0.8575527,0.8612566,0.863783,0.8653892,0.86626506,0.8665532
0.5326392,0.5476164,0.64650357,0.71867675,0.76501477,0.7956434,0.8166567,0.8314826,0.8421295,0.84983605,0.8554031,0.85936993,0.86211205,0.86389863,0.8649277,0.86534804
0.5973782,0.5858375,0.6394744,0.7011232,0.7481686,0.7814787,0.8049899,0.82179874,0.8339711,0.84285563,0.849346,0.8540497,0.8573906,0.8596723,0.86111736,0.8618921
0.64697766,0.63058376,0.6477112,0.6860017,0.72492033,0.75748193,0.78289074,0.8022251,0.8168226,0.82782096,0.83609164,0.8422797,0.8468595,0.85018146,0.85250723,0.8540348
0.6794839,0.66430855,0.66305953,0.6796861,0.70415795,0.7296408,0.75282973,0.7725877,0.7888424,0.80195194,0.812395,0.82063687,0.8270825,0.83206695,0.83586127,0.8386825
0.69704384,0.6835071,0.67454195,0.6772086,0.6880975,0.7033909,0.7201912,0.73668027,0.7518765,0.76534796,0.776989,0.7868696,0.79514265,0.80199087,0.8075979,0.8121346
0.7019434,0.6892188,0.6768736,0.6716772,0.6727932,0.6786514,0.68759525,0.6982259,0.7094972,0.7206895,0.7313448,0.7411982,0.75011873,0.758065,0.7650515,0.7711265
0.6960134,0.6832073,0.66877586,0.6589892,0.6536716,0.6522776,0.6540532,0.65820855,0.6640233,0.6708922,0.6783342,0.68598276,0.69356894,0.7009032,0.70785826,0.71435475
0.6807287,0.6671288,0.6507371,0.63775474,0.62803924,0.6213559,0.6173698,0.6156885,0.6159073,0.61764145,0.6205442,0.62431467,0.6286986,0.63348573,0.63850534,0.6436216
0.6574029,0.6425089,0.62394994,0.60825384,0.5951797,0.58452135,0.5760672,0.5695937,0.5648718,0.56167555,0.55978984,0.5590151,0.55917054,0.5600946,0.56164503,0.56369793
0.62733424,0.6108474,0.5899274,0.5716779,0.55576897,0.54194874,0.53000677,0.5197568,0.51102924,0.5036676,0.49752745,0.49247563,0.48839012,0.48515978,0.4826839,0.48087192
0.5918786,0.5736846,0.55035734,0.5296934,0.5113048,0.49489233,0.48021525,0.46707445,0.45530182,0.44475293,0.4353024,0.4268402,0.41926906,0.41250268,0.40646407,0.40108487
0.5524552,0.5326022,0.5070062,0.48417103,0.4636737,0.4451809,0.4284234,0.41318005,0.39926693,0.3865297,0.37483743,0.36407837,0.35415632,0.34498814,0.33650142,0.32863337
0.5105019,0.48917258,0.46161708,0.43698493,0.41483006,0.3947955,0.37659073,0.35997602,0.34475204,0.33075133,0.31783238,0.30587474,0.29477498,0.2844443,0.27480578,0.26579303
0.50277096,0.6713168,0.79266274,0.8470307,0.87681526,0.89511895,0.9071699,0.9154465,0.92127556,0.9254274,0.9283822,0.9304354,0.9318352,0.9327169,0.933189,0.93333197
0.5001976,0.6713964,0.79246587,0.8468825,0.8767082,0.8950388,0.90710664,0.9153956,0.9212329,0.92539126,0.9283511,0.93042624,0.9318308,0.93271554,0.93318594,0.9333147
0.5236024,0.66404086,0.78766626,0.8440325,0.8748182,0.8936762,0.90606433,0.9145629,0.92054576,0.9248101,0.9278498,0.92998725,0.9314416,0.9323671,0.93287516,0.9330488
0.619831,0.6617947,0.7682193,0.83059657,0.86578476,0.8872425,0.90121716,0.9107417,0.91742444,0.92218846,0.92559886,0.9280202,0.9296979,0.9308032,0.9314592,0.93175644
0.69711125,0.6923567,0.7476129,0.80394757,0.8436031,0.8699549,0.8876691,0.8998807,0.9084964,0.9146771,0.9191506,0.9223887,0.9247079,0.9263273,0.92740285,0.9280482
0.7454066,0.7294687,0.74411094,0.77840286,0.8126883,0.84066296,0.86195374,0.877806,0.8895718,0.8983345,0.90488887,0.90980214,0.9134783,0.91620725,0.91819966,0.9196113
0.772125,0.755453,0.75037324,0.76311713,0.7840983,0.80646586,0.8269069,0.8442968,0.8585664,0.87006056,0.8792312,0.8865101,0.8922667,0.89680177,0.9003548,0.9031143
0.78302115,0.767399,0.75452596,0.75347096,0.76127017,0.7740687,0.78884685,0.80368936,0.81755054,0.82995623,0.8407701,0.8500371,0.85788804,0.86448544,0.86999434,0.87456846
0.7815316,0.76657623,0.7506018,0.7419908,0.74025273,0.7438474,0.75103617,0.76032186,0.7705743,0.78101003,0.79112387,0.8006159,0.809329,0.8172011,0.82423013,0.83045036
0.7697222,0.7546767,0.73691154,0.7240278,0.71606505,0.71252173,0.71260786,0.71546954,0.72032017,0.7264958,0.7334667,0.7408273,0.7482777,0.75560397,0.7626592,0.7693483
0.7490052,0.7331847,0.713677,0.69784486,0.68565625,0.6769016,0.67122716,0.66820246,0.66737854,0.668328,0.6706652,0.6740559,0.67821723,0.6829153,0.68795943,0.69319683
0.72056764,0.7034623,0.681918,0.6635308,0.64810044,0.6354206,0.62526023,0.6173676,0.6114829,0.6073501,0.60472596,0.60338587,0.6031266,0.6037672,0.6051485,0.6071318
0.6856015,0.6668948,0.6430503,0.6221929,0.6039901,0.58816975,0.57449526,0.56275314,0.55274785,0.544299,0.5372405,0.53142,0.5266986,0.52295005,0.5200605,0.51792735
0.64539933,0.6249634,0.59872645,0.5754865,0.55482674,0.5364143,0.5199762,0.50528395,0.4921438,0.48038945,0.46987638,0.46047816,0.4520834,0.44459346,0.43792054,0.43198648
0.60135937,0.5792372,0.55072373,0.52531797,0.50255275,0.48205298,0.4635125,0.44667906,0.4313426,0.41732678,0.40448225,0.39268166,0.38181576,0.37179008,0.36252248,0.35394126
0.55493087,0.531309,0.5008253,0.4736233,0.44920346,0.42716184,0.40716875,0.38895223,0.37228623,0.3569814,0.34287784,0.32983968,0.31775078,0.30651128,0.2960348,0.28624642
0.67804915,0.868304,0.9282909,0.949918,0.9608186,0.9672312,0.97134316,0.97411954,0.976052,0.9774174,0.9783836,0.97905815,0.9795133,0.97979933,0.9799522,0.9799985
0.67331946,0.8669035,0.92784715,0.9496998,0.9606867,0.96714115,0.97127676,0.9740677,0.97600985,0.977382,0.97835314,0.97903144,0.9794895,0.9797779,0.9799326,0.97998047
0.6913701,0.8423848,0.91948736,0.94574875,0.95836955,0.9655933,0.9701505,0.97319764,0.97530735,0.97679543,0.9778502,0.97859114,0.97909737,0.9794237,0.9796091,0.979682
0.77075094,0.8069699,0.8878644,0.92777497,0.9473862,0.95822823,0.96482635,0.96912,0.97204214,0.9740881,0.9755424,0.9765796,0.97731197,0.97781515,0.9781418,0.97832954
0.8231344,0.80973876,0.84948355,0.89193714,0.92046124,0.9383797,0.9498253,0.9573946,0.962574,0.96621937,0.9688394,0.970749,0.97214997,0.9731765,0.9739205,0.9744469
0.8496254,0.8266642,0.8302438,0.8555382,0.88253224,0.90462035,0.92123157,0.93341887,0.94235086,0.9489513,0.95388347,0.95760965,0.96045095,0.96263224,0.96431303,0.9656081
0.85973877,0.837786,0.824592,0.8307837,0.8466655,0.86498034,0.88215744,0.89691925,0.9090917,0.9189374,0.9268391,0.9331704,0.938251,0.94233996,0.9456417,0.94831556
0.8583349,0.8386606,0.81974685,0.81364894,0.81752676,0.82729095,0.8396938,0.85265905,0.86503476,0.876275,0.8861917,0.8947904,0.9021704,0.9084678,0.91382545,0.918378
0.84760636,0.82940906,0.8087869,0.7961889,0.7912657,0.7923831,0.7976612,0.8054769,0.8146031,0.8241853,0.8336667,0.8427092,0.8511272,0.85883653,0.8658176,0.8720899
0.8286163,0.8108583,0.7893525,0.7732211,0.7625875,0.756912,0.7553278,0.7569002,0.7607709,0.7662176,0.7726639,0.77966803,0.78690183,0.79412913,0.80118567,0.8079622
0.8020665,0.7838772,0.76120883,0.74262816,0.7281302,0.7174774,0.71026915,0.7060241,0.7042459,0.70446473,0.70625937,0.70926565,0.71317625,0.71773696,0.7227407,0.7280209
0.7686678,0.7494139,0.7250729,0.70426005,0.686763,0.672343,0.6607314,0.6516401,0.6447761,0.6398534,0.63660306,0.634778,0.6341561,0.6345402,0.63575727,0.63765687
0.7293069,0.7085898,0.68217194,0.6590891,0.63897324,0.6215132,0.6064365,0.5934984,0.5824765,0.57316726,0.5653849,0.55896026,0.5537396,0.5495844,0.54636997,0.5439846
0.68509084,0.6627296,0.63405436,0.6087092,0.5862292,0.566238,0.548426,0.53253514,0.5183473,0.50567573,0.4943592,0.484257,0.47524583,0.4672169,0.46007374,0.45373064
0.6373146,0.61332065,0.5824522,0.555015,0.5304868,0.5084467,0.48855215,0.47052163,0.45412162,0.4391566,0.42546165,0.4128964,0.40134078,0.39069128,0.38085806,0.3717629
0.5873784,0.56192225,0.5291411,0.49995938,0.47381857,0.45026857,0.4289434,0.4095425,0.39181712,0.3755594,0.36059445,0.3467741,0.333972,0.32207963,0.3110034,0.3006621
